BoardView.java,org.jpacman.framework.view.BoardView,org.pitest.mutationtest.engine.gregor.mutators.VoidMethodCallMutator,<init>,97,SURVIVED,none
BoardView.java,org.jpacman.framework.view.BoardView,org.pitest.mutationtest.engine.gregor.mutators.VoidMethodCallMutator,<init>,98,SURVIVED,none
BoardView.java,org.jpacman.framework.view.BoardView,org.pitest.mutationtest.engine.gregor.mutators.MathMutator,centeredArea,197,SURVIVED,none
BoardView.java,org.jpacman.framework.view.BoardView,org.pitest.mutationtest.engine.gregor.mutators.MathMutator,centeredArea,197,SURVIVED,none
BoardView.java,org.jpacman.framework.view.BoardView,org.pitest.mutationtest.engine.gregor.mutators.MathMutator,centeredArea,198,SURVIVED,none
BoardView.java,org.jpacman.framework.view.BoardView,org.pitest.mutationtest.engine.gregor.mutators.MathMutator,centeredArea,198,SURVIVED,none
BoardView.java,org.jpacman.framework.view.BoardView,org.pitest.mutationtest.engine.gregor.mutators.MathMutator,centeredArea,199,SURVIVED,none
BoardView.java,org.jpacman.framework.view.BoardView,org.pitest.mutationtest.engine.gregor.mutators.MathMutator,centeredArea,199,SURVIVED,none
BoardView.java,org.jpacman.framework.view.BoardView,org.pitest.mutationtest.engine.gregor.mutators.MathMutator,centeredArea,199,SURVIVED,none
BoardView.java,org.jpacman.framework.view.BoardView,org.pitest.mutationtest.engine.gregor.mutators.MathMutator,centeredArea,199,SURVIVED,none
BoardView.java,org.jpacman.framework.view.BoardView,org.pitest.mutationtest.engine.gregor.mutators.ReturnValsMutator,centeredArea,200,SURVIVED,none
BoardView.java,org.jpacman.framework.view.BoardView,org.pitest.mutationtest.engine.gregor.mutators.NegateConditionalsMutator,createDrawArea,123,SURVIVED,none
BoardView.java,org.jpacman.framework.view.BoardView,org.pitest.mutationtest.engine.gregor.mutators.ReturnValsMutator,createDrawArea,132,SURVIVED,none
BoardView.java,org.jpacman.framework.view.BoardView,org.pitest.mutationtest.engine.gregor.mutators.VoidMethodCallMutator,createDrawArea,128,SURVIVED,none
BoardView.java,org.jpacman.framework.view.BoardView,org.pitest.mutationtest.engine.gregor.mutators.VoidMethodCallMutator,createDrawArea,129,SURVIVED,none
BoardView.java,org.jpacman.framework.view.BoardView,org.pitest.mutationtest.engine.gregor.mutators.VoidMethodCallMutator,createDrawArea,130,SURVIVED,none
BoardView.java,org.jpacman.framework.view.BoardView,org.pitest.mutationtest.engine.gregor.mutators.MathMutator,drawCell,165,SURVIVED,none
BoardView.java,org.jpacman.framework.view.BoardView,org.pitest.mutationtest.engine.gregor.mutators.MathMutator,drawCell,165,SURVIVED,none
BoardView.java,org.jpacman.framework.view.BoardView,org.pitest.mutationtest.engine.gregor.mutators.MathMutator,drawCell,166,SURVIVED,none
BoardView.java,org.jpacman.framework.view.BoardView,org.pitest.mutationtest.engine.gregor.mutators.MathMutator,drawCell,166,SURVIVED,none
BoardView.java,org.jpacman.framework.view.BoardView,org.pitest.mutationtest.engine.gregor.mutators.NegateConditionalsMutator,drawCell,174,SURVIVED,none
BoardView.java,org.jpacman.framework.view.BoardView,org.pitest.mutationtest.engine.gregor.mutators.NegateConditionalsMutator,drawCell,183,SURVIVED,none
BoardView.java,org.jpacman.framework.view.BoardView,org.pitest.mutationtest.engine.gregor.mutators.VoidMethodCallMutator,drawCell,169,SURVIVED,none
BoardView.java,org.jpacman.framework.view.BoardView,org.pitest.mutationtest.engine.gregor.mutators.VoidMethodCallMutator,drawCell,170,SURVIVED,none
BoardView.java,org.jpacman.framework.view.BoardView,org.pitest.mutationtest.engine.gregor.mutators.VoidMethodCallMutator,drawCell,171,SURVIVED,none
BoardView.java,org.jpacman.framework.view.BoardView,org.pitest.mutationtest.engine.gregor.mutators.VoidMethodCallMutator,drawCell,172,SURVIVED,none
BoardView.java,org.jpacman.framework.view.BoardView,org.pitest.mutationtest.engine.gregor.mutators.VoidMethodCallMutator,drawCell,176,SURVIVED,none
BoardView.java,org.jpacman.framework.view.BoardView,org.pitest.mutationtest.engine.gregor.mutators.VoidMethodCallMutator,drawCell,177,SURVIVED,none
BoardView.java,org.jpacman.framework.view.BoardView,org.pitest.mutationtest.engine.gregor.mutators.VoidMethodCallMutator,drawCell,178,SURVIVED,none
BoardView.java,org.jpacman.framework.view.BoardView,org.pitest.mutationtest.engine.gregor.mutators.VoidMethodCallMutator,drawCell,179,SURVIVED,none
BoardView.java,org.jpacman.framework.view.BoardView,org.pitest.mutationtest.engine.gregor.mutators.ConditionalsBoundaryMutator,drawCells,156,SURVIVED,none
BoardView.java,org.jpacman.framework.view.BoardView,org.pitest.mutationtest.engine.gregor.mutators.ConditionalsBoundaryMutator,drawCells,155,SURVIVED,none
BoardView.java,org.jpacman.framework.view.BoardView,org.pitest.mutationtest.engine.gregor.mutators.IncrementsMutator,drawCells,156,SURVIVED,none
BoardView.java,org.jpacman.framework.view.BoardView,org.pitest.mutationtest.engine.gregor.mutators.IncrementsMutator,drawCells,155,SURVIVED,none
BoardView.java,org.jpacman.framework.view.BoardView,org.pitest.mutationtest.engine.gregor.mutators.NegateConditionalsMutator,drawCells,156,SURVIVED,none
BoardView.java,org.jpacman.framework.view.BoardView,org.pitest.mutationtest.engine.gregor.mutators.NegateConditionalsMutator,drawCells,155,SURVIVED,none
BoardView.java,org.jpacman.framework.view.BoardView,org.pitest.mutationtest.engine.gregor.mutators.VoidMethodCallMutator,drawCells,153,SURVIVED,none
BoardView.java,org.jpacman.framework.view.BoardView,org.pitest.mutationtest.engine.gregor.mutators.VoidMethodCallMutator,drawCells,157,SURVIVED,none
BoardView.java,org.jpacman.framework.view.BoardView,org.pitest.mutationtest.engine.gregor.mutators.ReturnValsMutator,fullArea,191,SURVIVED,none
BoardView.java,org.jpacman.framework.view.BoardView,org.pitest.mutationtest.engine.gregor.mutators.MathMutator,nextAnimation,257,SURVIVED,none
BoardView.java,org.jpacman.framework.view.BoardView,org.pitest.mutationtest.engine.gregor.mutators.MathMutator,nextAnimation,258,SURVIVED,none
BoardView.java,org.jpacman.framework.view.BoardView,org.pitest.mutationtest.engine.gregor.mutators.MathMutator,nextAnimation,258,SURVIVED,none
BoardView.java,org.jpacman.framework.view.BoardView,org.pitest.mutationtest.engine.gregor.mutators.NegateConditionalsMutator,nextAnimation,256,SURVIVED,none
BoardView.java,org.jpacman.framework.view.BoardView,org.pitest.mutationtest.engine.gregor.mutators.VoidMethodCallMutator,nextAnimation,260,SURVIVED,none
BoardView.java,org.jpacman.framework.view.BoardView,org.pitest.mutationtest.engine.gregor.mutators.VoidMethodCallMutator,paint,142,SURVIVED,none
BoardView.java,org.jpacman.framework.view.BoardView,org.pitest.mutationtest.engine.gregor.mutators.VoidMethodCallMutator,paint,143,SURVIVED,none
BoardView.java,org.jpacman.framework.view.BoardView,org.pitest.mutationtest.engine.gregor.mutators.ReturnValsMutator,spriteColor,229,SURVIVED,none
BoardView.java,org.jpacman.framework.view.BoardView,org.pitest.mutationtest.engine.gregor.mutators.NegateConditionalsMutator,spriteImage,238,SURVIVED,none
BoardView.java,org.jpacman.framework.view.BoardView,org.pitest.mutationtest.engine.gregor.mutators.NegateConditionalsMutator,spriteImage,238,SURVIVED,none
BoardView.java,org.jpacman.framework.view.BoardView,org.pitest.mutationtest.engine.gregor.mutators.NegateConditionalsMutator,spriteImage,239,SURVIVED,none
BoardView.java,org.jpacman.framework.view.BoardView,org.pitest.mutationtest.engine.gregor.mutators.NegateConditionalsMutator,spriteImage,244,SURVIVED,none
BoardView.java,org.jpacman.framework.view.BoardView,org.pitest.mutationtest.engine.gregor.mutators.ReturnValsMutator,spriteImage,248,SURVIVED,none
BoardView.java,org.jpacman.framework.view.BoardView,org.pitest.mutationtest.engine.gregor.mutators.MathMutator,windowHeight,115,SURVIVED,none
BoardView.java,org.jpacman.framework.view.BoardView,org.pitest.mutationtest.engine.gregor.mutators.MathMutator,windowHeight,115,SURVIVED,none
BoardView.java,org.jpacman.framework.view.BoardView,org.pitest.mutationtest.engine.gregor.mutators.ReturnValsMutator,windowHeight,115,SURVIVED,none
BoardView.java,org.jpacman.framework.view.BoardView,org.pitest.mutationtest.engine.gregor.mutators.MathMutator,windowWidth,106,SURVIVED,none
BoardView.java,org.jpacman.framework.view.BoardView,org.pitest.mutationtest.engine.gregor.mutators.MathMutator,windowWidth,106,SURVIVED,none
BoardView.java,org.jpacman.framework.view.BoardView,org.pitest.mutationtest.engine.gregor.mutators.ReturnValsMutator,windowWidth,106,SURVIVED,none
BoardView.java,org.jpacman.framework.view.BoardView,org.pitest.mutationtest.engine.gregor.mutators.ReturnValsMutator,worldHeight,85,SURVIVED,none
BoardView.java,org.jpacman.framework.view.BoardView,org.pitest.mutationtest.engine.gregor.mutators.ReturnValsMutator,worldWidth,78,SURVIVED,none
Board.java,org.jpacman.framework.model.Board,org.pitest.mutationtest.engine.gregor.mutators.ConditionalsBoundaryMutator,<init>,27,KILLED,org.jpacman.test.framework.model.BoardTileAtTest.testTileAtDirection[2](org.jpacman.test.framework.model.BoardTileAtTest)
Board.java,org.jpacman.framework.model.Board,org.pitest.mutationtest.engine.gregor.mutators.ConditionalsBoundaryMutator,<init>,26,KILLED,org.jpacman.test.framework.model.BoardTileAtTest.testTileAtDirection[2](org.jpacman.test.framework.model.BoardTileAtTest)
Board.java,org.jpacman.framework.model.Board,org.pitest.mutationtest.engine.gregor.mutators.IncrementsMutator,<init>,27,KILLED,org.jpacman.test.framework.model.BoardTileAtTest.testTileAtDirection[2](org.jpacman.test.framework.model.BoardTileAtTest)
Board.java,org.jpacman.framework.model.Board,org.pitest.mutationtest.engine.gregor.mutators.IncrementsMutator,<init>,26,KILLED,org.jpacman.test.framework.model.BoardTileAtTest.testTileAtDirection[2](org.jpacman.test.framework.model.BoardTileAtTest)
Board.java,org.jpacman.framework.model.Board,org.pitest.mutationtest.engine.gregor.mutators.NegateConditionalsMutator,<init>,27,KILLED,org.jpacman.test.framework.model.BoardTileAtTest.testTileAtDirection[2](org.jpacman.test.framework.model.BoardTileAtTest)
Board.java,org.jpacman.framework.model.Board,org.pitest.mutationtest.engine.gregor.mutators.NegateConditionalsMutator,<init>,26,KILLED,org.jpacman.test.framework.model.BoardTileAtTest.testTileAtDirection[2](org.jpacman.test.framework.model.BoardTileAtTest)
Board.java,org.jpacman.framework.model.Board,org.pitest.mutationtest.engine.gregor.mutators.ReturnValsMutator,getHeight,58,KILLED,org.jpacman.test.framework.model.BoardTileAtTest.testTileAtDirection[2](org.jpacman.test.framework.model.BoardTileAtTest)
Board.java,org.jpacman.framework.model.Board,org.pitest.mutationtest.engine.gregor.mutators.ReturnValsMutator,getWidth,63,KILLED,org.jpacman.test.framework.model.BoardTileAtTest.testTileAtDirection[2](org.jpacman.test.framework.model.BoardTileAtTest)
Board.java,org.jpacman.framework.model.Board,org.pitest.mutationtest.engine.gregor.mutators.VoidMethodCallMutator,put,76,KILLED,org.jpacman.test.framework.factory.FactoryIntegrationTest.testFullMap(org.jpacman.test.framework.factory.FactoryIntegrationTest)
Board.java,org.jpacman.framework.model.Board,org.pitest.mutationtest.engine.gregor.mutators.ReturnValsMutator,spriteAt,95,KILLED,org.jpacman.test.framework.factory.FactoryIntegrationTest.testFullMap(org.jpacman.test.framework.factory.FactoryIntegrationTest)
Board.java,org.jpacman.framework.model.Board,org.pitest.mutationtest.engine.gregor.mutators.NegateConditionalsMutator,spriteTypeAt,103,KILLED,org.jpacman.test.framework.factory.FactoryIntegrationTest.testFullMap(org.jpacman.test.framework.factory.FactoryIntegrationTest)
Board.java,org.jpacman.framework.model.Board,org.pitest.mutationtest.engine.gregor.mutators.ReturnValsMutator,spriteTypeAt,108,KILLED,org.jpacman.test.framework.factory.FactoryIntegrationTest.testFullMap(org.jpacman.test.framework.factory.FactoryIntegrationTest)
Board.java,org.jpacman.framework.model.Board,org.pitest.mutationtest.engine.gregor.mutators.ReturnValsMutator,tileAt,118,KILLED,org.jpacman.test.framework.model.BoardTileAtTest.testTileAtDirection[2](org.jpacman.test.framework.model.BoardTileAtTest)
Board.java,org.jpacman.framework.model.Board,org.pitest.mutationtest.engine.gregor.mutators.ReturnValsMutator,tileAtDirection,171,KILLED,org.jpacman.test.framework.model.BoardTileAtTest.testTileAtDirection[2](org.jpacman.test.framework.model.BoardTileAtTest)
Board.java,org.jpacman.framework.model.Board,org.pitest.mutationtest.engine.gregor.mutators.ReturnValsMutator,tileAtOffset,140,KILLED,org.jpacman.test.framework.model.BoardTileAtTest.testTileAtDirection[2](org.jpacman.test.framework.model.BoardTileAtTest)
Board.java,org.jpacman.framework.model.Board,org.pitest.mutationtest.engine.gregor.mutators.ConditionalsBoundaryMutator,tileInvariant,47,NO_COVERAGE,none
Board.java,org.jpacman.framework.model.Board,org.pitest.mutationtest.engine.gregor.mutators.ConditionalsBoundaryMutator,tileInvariant,46,NO_COVERAGE,none
Board.java,org.jpacman.framework.model.Board,org.pitest.mutationtest.engine.gregor.mutators.IncrementsMutator,tileInvariant,47,NO_COVERAGE,none
Board.java,org.jpacman.framework.model.Board,org.pitest.mutationtest.engine.gregor.mutators.IncrementsMutator,tileInvariant,46,NO_COVERAGE,none
Board.java,org.jpacman.framework.model.Board,org.pitest.mutationtest.engine.gregor.mutators.NegateConditionalsMutator,tileInvariant,48,NO_COVERAGE,none
Board.java,org.jpacman.framework.model.Board,org.pitest.mutationtest.engine.gregor.mutators.NegateConditionalsMutator,tileInvariant,49,NO_COVERAGE,none
Board.java,org.jpacman.framework.model.Board,org.pitest.mutationtest.engine.gregor.mutators.NegateConditionalsMutator,tileInvariant,50,NO_COVERAGE,none
Board.java,org.jpacman.framework.model.Board,org.pitest.mutationtest.engine.gregor.mutators.NegateConditionalsMutator,tileInvariant,47,NO_COVERAGE,none
Board.java,org.jpacman.framework.model.Board,org.pitest.mutationtest.engine.gregor.mutators.NegateConditionalsMutator,tileInvariant,46,NO_COVERAGE,none
Board.java,org.jpacman.framework.model.Board,org.pitest.mutationtest.engine.gregor.mutators.ReturnValsMutator,tileInvariant,53,NO_COVERAGE,none
Board.java,org.jpacman.framework.model.Board,org.pitest.mutationtest.engine.gregor.mutators.MathMutator,tunnelledCoordinate,156,KILLED,org.jpacman.test.framework.model.BoardTileAtTest.testTileAtDirection[2](org.jpacman.test.framework.model.BoardTileAtTest)
Board.java,org.jpacman.framework.model.Board,org.pitest.mutationtest.engine.gregor.mutators.MathMutator,tunnelledCoordinate,156,KILLED,org.jpacman.test.framework.model.BoardTileAtTest.testTileAtDirection[2](org.jpacman.test.framework.model.BoardTileAtTest)
Board.java,org.jpacman.framework.model.Board,org.pitest.mutationtest.engine.gregor.mutators.MathMutator,tunnelledCoordinate,156,KILLED,org.jpacman.test.framework.model.BoardTileAtTest.testTileAtDirection[2](org.jpacman.test.framework.model.BoardTileAtTest)
Board.java,org.jpacman.framework.model.Board,org.pitest.mutationtest.engine.gregor.mutators.MathMutator,tunnelledCoordinate,156,KILLED,org.jpacman.test.framework.model.BoardTileAtTest.testTileAtDirection[2](org.jpacman.test.framework.model.BoardTileAtTest)
Board.java,org.jpacman.framework.model.Board,org.pitest.mutationtest.engine.gregor.mutators.ReturnValsMutator,tunnelledCoordinate,161,KILLED,org.jpacman.test.framework.model.BoardTileAtTest.testTileAtDirection[2](org.jpacman.test.framework.model.BoardTileAtTest)
Board.java,org.jpacman.framework.model.Board,org.pitest.mutationtest.engine.gregor.mutators.ConditionalsBoundaryMutator,withinBorders,88,NO_COVERAGE,none
Board.java,org.jpacman.framework.model.Board,org.pitest.mutationtest.engine.gregor.mutators.ConditionalsBoundaryMutator,withinBorders,88,NO_COVERAGE,none
Board.java,org.jpacman.framework.model.Board,org.pitest.mutationtest.engine.gregor.mutators.ConditionalsBoundaryMutator,withinBorders,89,NO_COVERAGE,none
Board.java,org.jpacman.framework.model.Board,org.pitest.mutationtest.engine.gregor.mutators.ConditionalsBoundaryMutator,withinBorders,87,NO_COVERAGE,none
Board.java,org.jpacman.framework.model.Board,org.pitest.mutationtest.engine.gregor.mutators.NegateConditionalsMutator,withinBorders,88,NO_COVERAGE,none
Board.java,org.jpacman.framework.model.Board,org.pitest.mutationtest.engine.gregor.mutators.NegateConditionalsMutator,withinBorders,88,NO_COVERAGE,none
Board.java,org.jpacman.framework.model.Board,org.pitest.mutationtest.engine.gregor.mutators.NegateConditionalsMutator,withinBorders,89,NO_COVERAGE,none
Board.java,org.jpacman.framework.model.Board,org.pitest.mutationtest.engine.gregor.mutators.NegateConditionalsMutator,withinBorders,87,NO_COVERAGE,none
Board.java,org.jpacman.framework.model.Board,org.pitest.mutationtest.engine.gregor.mutators.ReturnValsMutator,withinBorders,87,NO_COVERAGE,none
Board.java,org.jpacman.framework.model.Board,org.pitest.mutationtest.engine.gregor.mutators.ReturnValsMutator,withinBorders,87,NO_COVERAGE,none
MainUI.java,org.jpacman.framework.ui.MainUI,org.pitest.mutationtest.engine.gregor.mutators.ReturnValsMutator,createBoardView,183,KILLED,org.jpacman.test.framework.accept.MoveGhostStoryTest.testInitialSetup(org.jpacman.test.framework.accept.MoveGhostStoryTest)
MainUI.java,org.jpacman.framework.ui.MainUI,org.pitest.mutationtest.engine.gregor.mutators.NegateConditionalsMutator,createButtonPanel,110,KILLED,org.jpacman.test.framework.accept.MoveGhostStoryTest.testInitialSetup(org.jpacman.test.framework.accept.MoveGhostStoryTest)
MainUI.java,org.jpacman.framework.ui.MainUI,org.pitest.mutationtest.engine.gregor.mutators.ReturnValsMutator,createButtonPanel,113,KILLED,org.jpacman.test.framework.accept.MoveGhostStoryTest.testInitialSetup(org.jpacman.test.framework.accept.MoveGhostStoryTest)
MainUI.java,org.jpacman.framework.ui.MainUI,org.pitest.mutationtest.engine.gregor.mutators.ReturnValsMutator,createMainGrid,129,KILLED,org.jpacman.test.framework.accept.MoveGhostStoryTest.testInitialSetup(org.jpacman.test.framework.accept.MoveGhostStoryTest)
MainUI.java,org.jpacman.framework.ui.MainUI,org.pitest.mutationtest.engine.gregor.mutators.VoidMethodCallMutator,createMainGrid,124,SURVIVED,none
MainUI.java,org.jpacman.framework.ui.MainUI,org.pitest.mutationtest.engine.gregor.mutators.VoidMethodCallMutator,createMainGrid,125,SURVIVED,none
MainUI.java,org.jpacman.framework.ui.MainUI,org.pitest.mutationtest.engine.gregor.mutators.VoidMethodCallMutator,createMainGrid,126,SURVIVED,none
MainUI.java,org.jpacman.framework.ui.MainUI,org.pitest.mutationtest.engine.gregor.mutators.VoidMethodCallMutator,createMainGrid,127,SURVIVED,none
MainUI.java,org.jpacman.framework.ui.MainUI,org.pitest.mutationtest.engine.gregor.mutators.VoidMethodCallMutator,createMainGrid,128,SURVIVED,none
MainUI.java,org.jpacman.framework.ui.MainUI,org.pitest.mutationtest.engine.gregor.mutators.ReturnValsMutator,createModel,192,KILLED,org.jpacman.test.framework.accept.MoveGhostStoryTest.testInitialSetup(org.jpacman.test.framework.accept.MoveGhostStoryTest)
MainUI.java,org.jpacman.framework.ui.MainUI,org.pitest.mutationtest.engine.gregor.mutators.VoidMethodCallMutator,createUI,85,SURVIVED,none
MainUI.java,org.jpacman.framework.ui.MainUI,org.pitest.mutationtest.engine.gregor.mutators.VoidMethodCallMutator,createUI,87,SURVIVED,none
MainUI.java,org.jpacman.framework.ui.MainUI,org.pitest.mutationtest.engine.gregor.mutators.VoidMethodCallMutator,createUI,90,KILLED,org.jpacman.test.framework.accept.MoveGhostStoryTest.test_S3_3_GhostLeavesFood(org.jpacman.test.framework.accept.MoveGhostStoryTest)
MainUI.java,org.jpacman.framework.ui.MainUI,org.pitest.mutationtest.engine.gregor.mutators.VoidMethodCallMutator,createUI,91,SURVIVED,none
MainUI.java,org.jpacman.framework.ui.MainUI,org.pitest.mutationtest.engine.gregor.mutators.VoidMethodCallMutator,createUI,95,SURVIVED,none
MainUI.java,org.jpacman.framework.ui.MainUI,org.pitest.mutationtest.engine.gregor.mutators.VoidMethodCallMutator,createUI,97,SURVIVED,none
MainUI.java,org.jpacman.framework.ui.MainUI,org.pitest.mutationtest.engine.gregor.mutators.VoidMethodCallMutator,createUI,99,SURVIVED,none
MainUI.java,org.jpacman.framework.ui.MainUI,org.pitest.mutationtest.engine.gregor.mutators.VoidMethodCallMutator,createUI,100,SURVIVED,none
MainUI.java,org.jpacman.framework.ui.MainUI,org.pitest.mutationtest.engine.gregor.mutators.ReturnValsMutator,eventHandler,199,KILLED,org.jpacman.test.framework.accept.MoveGhostStoryTest.testInitialSetup(org.jpacman.test.framework.accept.MoveGhostStoryTest)
MainUI.java,org.jpacman.framework.ui.MainUI,org.pitest.mutationtest.engine.gregor.mutators.ReturnValsMutator,getGame,206,KILLED,org.jpacman.test.framework.accept.MoveGhostStoryTest.testInitialSetup(org.jpacman.test.framework.accept.MoveGhostStoryTest)
MainUI.java,org.jpacman.framework.ui.MainUI,org.pitest.mutationtest.engine.gregor.mutators.ReturnValsMutator,initialize,170,KILLED,org.jpacman.test.framework.accept.MoveGhostStoryTest.testInitialSetup(org.jpacman.test.framework.accept.MoveGhostStoryTest)
MainUI.java,org.jpacman.framework.ui.MainUI,org.pitest.mutationtest.engine.gregor.mutators.VoidMethodCallMutator,initialize,167,SURVIVED,none
MainUI.java,org.jpacman.framework.ui.MainUI,org.pitest.mutationtest.engine.gregor.mutators.VoidMethodCallMutator,initialize,169,KILLED,org.jpacman.test.framework.accept.MoveGhostStoryTest.testInitialSetup(org.jpacman.test.framework.accept.MoveGhostStoryTest)
MainUI.java,org.jpacman.framework.ui.MainUI,org.pitest.mutationtest.engine.gregor.mutators.VoidMethodCallMutator,main,273,NO_COVERAGE,none
MainUI.java,org.jpacman.framework.ui.MainUI,org.pitest.mutationtest.engine.gregor.mutators.MathMutator,setGridSize,141,SURVIVED,none
MainUI.java,org.jpacman.framework.ui.MainUI,org.pitest.mutationtest.engine.gregor.mutators.MathMutator,setGridSize,141,SURVIVED,none
MainUI.java,org.jpacman.framework.ui.MainUI,org.pitest.mutationtest.engine.gregor.mutators.VoidMethodCallMutator,setGridSize,145,SURVIVED,none
MainUI.java,org.jpacman.framework.ui.MainUI,org.pitest.mutationtest.engine.gregor.mutators.VoidMethodCallMutator,start,177,SURVIVED,none
MainUI.java,org.jpacman.framework.ui.MainUI,org.pitest.mutationtest.engine.gregor.mutators.VoidMethodCallMutator,start,178,SURVIVED,none
MainUI.java,org.jpacman.framework.ui.MainUI,org.pitest.mutationtest.engine.gregor.mutators.VoidMethodCallMutator,start,179,SURVIVED,none
MainUI.java,org.jpacman.framework.ui.MainUI,org.pitest.mutationtest.engine.gregor.mutators.VoidMethodCallMutator,update,157,SURVIVED,none
MainUI.java,org.jpacman.framework.ui.MainUI,org.pitest.mutationtest.engine.gregor.mutators.ReturnValsMutator,withBoard,228,KILLED,org.jpacman.test.framework.accept.MoveGhostStoryTest.testInitialSetup(org.jpacman.test.framework.accept.MoveGhostStoryTest)
MainUI.java,org.jpacman.framework.ui.MainUI,org.pitest.mutationtest.engine.gregor.mutators.VoidMethodCallMutator,withBoard,227,KILLED,org.jpacman.test.framework.accept.MoveGhostStoryTest.testInitialSetup(org.jpacman.test.framework.accept.MoveGhostStoryTest)
MainUI.java,org.jpacman.framework.ui.MainUI,org.pitest.mutationtest.engine.gregor.mutators.ReturnValsMutator,withButtonPanel,251,NO_COVERAGE,none
MainUI.java,org.jpacman.framework.ui.MainUI,org.pitest.mutationtest.engine.gregor.mutators.ReturnValsMutator,withFactory,240,NO_COVERAGE,none
MainUI.java,org.jpacman.framework.ui.MainUI,org.pitest.mutationtest.engine.gregor.mutators.VoidMethodCallMutator,withFactory,239,NO_COVERAGE,none
MainUI.java,org.jpacman.framework.ui.MainUI,org.pitest.mutationtest.engine.gregor.mutators.ReturnValsMutator,withGhostController,217,KILLED,org.jpacman.test.framework.accept.MoveGhostStoryTest.testInitialSetup(org.jpacman.test.framework.accept.MoveGhostStoryTest)
MainUI.java,org.jpacman.framework.ui.MainUI,org.pitest.mutationtest.engine.gregor.mutators.ReturnValsMutator,withModelInteractor,262,NO_COVERAGE,none
Game.java,org.jpacman.framework.model.Game,org.pitest.mutationtest.engine.gregor.mutators.VoidMethodCallMutator,addFood,133,SURVIVED,none
Game.java,org.jpacman.framework.model.Game,org.pitest.mutationtest.engine.gregor.mutators.VoidMethodCallMutator,attach,156,SURVIVED,none
Game.java,org.jpacman.framework.model.Game,org.pitest.mutationtest.engine.gregor.mutators.NegateConditionalsMutator,dieIfGhost,83,SURVIVED,none
Game.java,org.jpacman.framework.model.Game,org.pitest.mutationtest.engine.gregor.mutators.VoidMethodCallMutator,dieIfGhost,84,NO_COVERAGE,none
Game.java,org.jpacman.framework.model.Game,org.pitest.mutationtest.engine.gregor.mutators.NegateConditionalsMutator,died,191,SURVIVED,none
Game.java,org.jpacman.framework.model.Game,org.pitest.mutationtest.engine.gregor.mutators.ReturnValsMutator,died,191,SURVIVED,none
Game.java,org.jpacman.framework.model.Game,org.pitest.mutationtest.engine.gregor.mutators.NegateConditionalsMutator,eatFood,69,KILLED,org.jpacman.test.framework.ui.MainUISmokeTest.testUIActions(org.jpacman.test.framework.ui.MainUISmokeTest)
Game.java,org.jpacman.framework.model.Game,org.pitest.mutationtest.engine.gregor.mutators.VoidMethodCallMutator,eatFood,71,SURVIVED,none
Game.java,org.jpacman.framework.model.Game,org.pitest.mutationtest.engine.gregor.mutators.VoidMethodCallMutator,eatFood,72,SURVIVED,none
Game.java,org.jpacman.framework.model.Game,org.pitest.mutationtest.engine.gregor.mutators.ReturnValsMutator,getBoard,140,KILLED,org.jpacman.test.framework.factory.FactoryIntegrationTest.testFullMap(org.jpacman.test.framework.factory.FactoryIntegrationTest)
Game.java,org.jpacman.framework.model.Game,org.pitest.mutationtest.engine.gregor.mutators.ReturnValsMutator,getBoardInspector,186,KILLED,org.jpacman.test.framework.accept.MoveGhostStoryTest.testInitialSetup(org.jpacman.test.framework.accept.MoveGhostStoryTest)
Game.java,org.jpacman.framework.model.Game,org.pitest.mutationtest.engine.gregor.mutators.ReturnValsMutator,getGhosts,181,KILLED,org.jpacman.test.framework.factory.FactoryIntegrationTest.testFullMap(org.jpacman.test.framework.factory.FactoryIntegrationTest)
Game.java,org.jpacman.framework.model.Game,org.pitest.mutationtest.engine.gregor.mutators.ReturnValsMutator,getPlayer,147,KILLED,org.jpacman.test.framework.factory.FactoryIntegrationTest.testFullMap(org.jpacman.test.framework.factory.FactoryIntegrationTest)
Game.java,org.jpacman.framework.model.Game,org.pitest.mutationtest.engine.gregor.mutators.ReturnValsMutator,getPointManager,171,KILLED,org.jpacman.test.framework.accept.MoveGhostStoryTest.testInitialSetup(org.jpacman.test.framework.accept.MoveGhostStoryTest)
Game.java,org.jpacman.framework.model.Game,org.pitest.mutationtest.engine.gregor.mutators.NegateConditionalsMutator,moveGhost,91,KILLED,org.jpacman.test.framework.accept.MoveGhostStoryTest.test_S3_3_GhostLeavesFood(org.jpacman.test.framework.accept.MoveGhostStoryTest)
Game.java,org.jpacman.framework.model.Game,org.pitest.mutationtest.engine.gregor.mutators.NegateConditionalsMutator,moveGhost,93,KILLED,org.jpacman.test.framework.accept.MoveGhostStoryTest.test_S3_3_GhostLeavesFood(org.jpacman.test.framework.accept.MoveGhostStoryTest)
Game.java,org.jpacman.framework.model.Game,org.pitest.mutationtest.engine.gregor.mutators.VoidMethodCallMutator,moveGhost,94,KILLED,org.jpacman.test.framework.accept.MoveGhostStoryTest.test_S3_4_GhostKillsPlayer(org.jpacman.test.framework.accept.MoveGhostStoryTest)
Game.java,org.jpacman.framework.model.Game,org.pitest.mutationtest.engine.gregor.mutators.VoidMethodCallMutator,moveGhost,96,KILLED,org.jpacman.test.framework.accept.MoveGhostStoryTest.test_S3_3_GhostLeavesFood(org.jpacman.test.framework.accept.MoveGhostStoryTest)
Game.java,org.jpacman.framework.model.Game,org.pitest.mutationtest.engine.gregor.mutators.VoidMethodCallMutator,moveGhost,97,KILLED,org.jpacman.test.framework.accept.MoveGhostStoryTest.test_S3_3_GhostLeavesFood(org.jpacman.test.framework.accept.MoveGhostStoryTest)
Game.java,org.jpacman.framework.model.Game,org.pitest.mutationtest.engine.gregor.mutators.VoidMethodCallMutator,moveGhost,98,SURVIVED,none
Game.java,org.jpacman.framework.model.Game,org.pitest.mutationtest.engine.gregor.mutators.NegateConditionalsMutator,movePlayer,51,SURVIVED,none
Game.java,org.jpacman.framework.model.Game,org.pitest.mutationtest.engine.gregor.mutators.NegateConditionalsMutator,movePlayer,51,SURVIVED,none
Game.java,org.jpacman.framework.model.Game,org.pitest.mutationtest.engine.gregor.mutators.VoidMethodCallMutator,movePlayer,53,SURVIVED,none
Game.java,org.jpacman.framework.model.Game,org.pitest.mutationtest.engine.gregor.mutators.VoidMethodCallMutator,movePlayer,54,SURVIVED,none
Game.java,org.jpacman.framework.model.Game,org.pitest.mutationtest.engine.gregor.mutators.VoidMethodCallMutator,movePlayer,55,SURVIVED,none
Game.java,org.jpacman.framework.model.Game,org.pitest.mutationtest.engine.gregor.mutators.VoidMethodCallMutator,movePlayer,56,KILLED,org.jpacman.test.framework.ui.MainUISmokeTest.testUIActions(org.jpacman.test.framework.ui.MainUISmokeTest)
Game.java,org.jpacman.framework.model.Game,org.pitest.mutationtest.engine.gregor.mutators.VoidMethodCallMutator,movePlayer,57,SURVIVED,none
Game.java,org.jpacman.framework.model.Game,org.pitest.mutationtest.engine.gregor.mutators.VoidMethodCallMutator,movePlayer,58,SURVIVED,none
Game.java,org.jpacman.framework.model.Game,org.pitest.mutationtest.engine.gregor.mutators.VoidMethodCallMutator,notifyViewers,163,SURVIVED,none
Game.java,org.jpacman.framework.model.Game,org.pitest.mutationtest.engine.gregor.mutators.VoidMethodCallMutator,notifyViewers,164,SURVIVED,none
Game.java,org.jpacman.framework.model.Game,org.pitest.mutationtest.engine.gregor.mutators.NegateConditionalsMutator,tileCanBeOccupied,109,KILLED,org.jpacman.test.framework.accept.MoveGhostStoryTest.test_S3_3_GhostLeavesFood(org.jpacman.test.framework.accept.MoveGhostStoryTest)
Game.java,org.jpacman.framework.model.Game,org.pitest.mutationtest.engine.gregor.mutators.ReturnValsMutator,tileCanBeOccupied,109,KILLED,org.jpacman.test.framework.accept.MoveGhostStoryTest.test_S3_3_GhostLeavesFood(org.jpacman.test.framework.accept.MoveGhostStoryTest)
Game.java,org.jpacman.framework.model.Game,org.pitest.mutationtest.engine.gregor.mutators.ReturnValsMutator,won,196,SURVIVED,none
PacmanInteraction.java,org.jpacman.framework.ui.PacmanInteraction,org.pitest.mutationtest.engine.gregor.mutators.ReturnValsMutator,controlling,121,KILLED,org.jpacman.test.framework.accept.MoveGhostStoryTest.testInitialSetup(org.jpacman.test.framework.accept.MoveGhostStoryTest)
PacmanInteraction.java,org.jpacman.framework.ui.PacmanInteraction,org.pitest.mutationtest.engine.gregor.mutators.VoidMethodCallMutator,down,80,SURVIVED,none
PacmanInteraction.java,org.jpacman.framework.ui.PacmanInteraction,org.pitest.mutationtest.engine.gregor.mutators.VoidMethodCallMutator,exit,69,SURVIVED,none
PacmanInteraction.java,org.jpacman.framework.ui.PacmanInteraction,org.pitest.mutationtest.engine.gregor.mutators.VoidMethodCallMutator,exit,70,SURVIVED,none
PacmanInteraction.java,org.jpacman.framework.ui.PacmanInteraction,org.pitest.mutationtest.engine.gregor.mutators.ReturnValsMutator,getCurrentState,128,NO_COVERAGE,none
PacmanInteraction.java,org.jpacman.framework.ui.PacmanInteraction,org.pitest.mutationtest.engine.gregor.mutators.VoidMethodCallMutator,left,85,SURVIVED,none
PacmanInteraction.java,org.jpacman.framework.ui.PacmanInteraction,org.pitest.mutationtest.engine.gregor.mutators.NegateConditionalsMutator,movePlayer,99,SURVIVED,none
PacmanInteraction.java,org.jpacman.framework.ui.PacmanInteraction,org.pitest.mutationtest.engine.gregor.mutators.NegateConditionalsMutator,movePlayer,101,SURVIVED,none
PacmanInteraction.java,org.jpacman.framework.ui.PacmanInteraction,org.pitest.mutationtest.engine.gregor.mutators.NegateConditionalsMutator,movePlayer,105,SURVIVED,none
PacmanInteraction.java,org.jpacman.framework.ui.PacmanInteraction,org.pitest.mutationtest.engine.gregor.mutators.VoidMethodCallMutator,movePlayer,100,SURVIVED,none
PacmanInteraction.java,org.jpacman.framework.ui.PacmanInteraction,org.pitest.mutationtest.engine.gregor.mutators.VoidMethodCallMutator,movePlayer,102,NO_COVERAGE,none
PacmanInteraction.java,org.jpacman.framework.ui.PacmanInteraction,org.pitest.mutationtest.engine.gregor.mutators.VoidMethodCallMutator,movePlayer,106,NO_COVERAGE,none
PacmanInteraction.java,org.jpacman.framework.ui.PacmanInteraction,org.pitest.mutationtest.engine.gregor.mutators.VoidMethodCallMutator,right,90,SURVIVED,none
PacmanInteraction.java,org.jpacman.framework.ui.PacmanInteraction,org.pitest.mutationtest.engine.gregor.mutators.NegateConditionalsMutator,start,53,SURVIVED,none
PacmanInteraction.java,org.jpacman.framework.ui.PacmanInteraction,org.pitest.mutationtest.engine.gregor.mutators.VoidMethodCallMutator,start,54,SURVIVED,none
PacmanInteraction.java,org.jpacman.framework.ui.PacmanInteraction,org.pitest.mutationtest.engine.gregor.mutators.NegateConditionalsMutator,startControllers,158,SURVIVED,none
PacmanInteraction.java,org.jpacman.framework.ui.PacmanInteraction,org.pitest.mutationtest.engine.gregor.mutators.VoidMethodCallMutator,startControllers,159,SURVIVED,none
PacmanInteraction.java,org.jpacman.framework.ui.PacmanInteraction,org.pitest.mutationtest.engine.gregor.mutators.NegateConditionalsMutator,stop,61,SURVIVED,none
PacmanInteraction.java,org.jpacman.framework.ui.PacmanInteraction,org.pitest.mutationtest.engine.gregor.mutators.VoidMethodCallMutator,stop,62,SURVIVED,none
PacmanInteraction.java,org.jpacman.framework.ui.PacmanInteraction,org.pitest.mutationtest.engine.gregor.mutators.NegateConditionalsMutator,stopControllers,152,SURVIVED,none
PacmanInteraction.java,org.jpacman.framework.ui.PacmanInteraction,org.pitest.mutationtest.engine.gregor.mutators.VoidMethodCallMutator,stopControllers,153,SURVIVED,none
PacmanInteraction.java,org.jpacman.framework.ui.PacmanInteraction,org.pitest.mutationtest.engine.gregor.mutators.VoidMethodCallMutator,up,75,SURVIVED,none
PacmanInteraction.java,org.jpacman.framework.ui.PacmanInteraction,org.pitest.mutationtest.engine.gregor.mutators.ReturnValsMutator,withDisposable,138,KILLED,org.jpacman.test.framework.accept.MoveGhostStoryTest.testInitialSetup(org.jpacman.test.framework.accept.MoveGhostStoryTest)
PacmanInteraction.java,org.jpacman.framework.ui.PacmanInteraction,org.pitest.mutationtest.engine.gregor.mutators.ReturnValsMutator,withGameInteractor,148,KILLED,org.jpacman.test.framework.accept.MoveGhostStoryTest.testInitialSetup(org.jpacman.test.framework.accept.MoveGhostStoryTest)
ImageLoader.java,org.jpacman.framework.view.ImageLoader,org.pitest.mutationtest.engine.gregor.mutators.NegateConditionalsMutator,getImage,144,KILLED,org.jpacman.test.framework.view.ImageLoaderTest.testPlayer(org.jpacman.test.framework.view.ImageLoaderTest)
ImageLoader.java,org.jpacman.framework.view.ImageLoader,org.pitest.mutationtest.engine.gregor.mutators.ReturnValsMutator,getImage,150,KILLED,org.jpacman.test.framework.view.ImageLoaderTest.testPlayer(org.jpacman.test.framework.view.ImageLoaderTest)
ImageLoader.java,org.jpacman.framework.view.ImageLoader,org.pitest.mutationtest.engine.gregor.mutators.ConditionalsBoundaryMutator,loadImages,75,KILLED,org.jpacman.test.framework.view.ImageLoaderTest.testPlayer(org.jpacman.test.framework.view.ImageLoaderTest)
ImageLoader.java,org.jpacman.framework.view.ImageLoader,org.pitest.mutationtest.engine.gregor.mutators.ConditionalsBoundaryMutator,loadImages,72,KILLED,org.jpacman.test.framework.view.ImageLoaderTest.testPlayer(org.jpacman.test.framework.view.ImageLoaderTest)
ImageLoader.java,org.jpacman.framework.view.ImageLoader,org.pitest.mutationtest.engine.gregor.mutators.IncrementsMutator,loadImages,75,KILLED,org.jpacman.test.framework.view.ImageLoaderTest.testPlayer(org.jpacman.test.framework.view.ImageLoaderTest)
ImageLoader.java,org.jpacman.framework.view.ImageLoader,org.pitest.mutationtest.engine.gregor.mutators.IncrementsMutator,loadImages,72,KILLED,org.jpacman.test.framework.view.ImageLoaderTest.testPlayer(org.jpacman.test.framework.view.ImageLoaderTest)
ImageLoader.java,org.jpacman.framework.view.ImageLoader,org.pitest.mutationtest.engine.gregor.mutators.MathMutator,loadImages,71,KILLED,org.jpacman.test.framework.view.ImageLoaderTest.testPlayer(org.jpacman.test.framework.view.ImageLoaderTest)
ImageLoader.java,org.jpacman.framework.view.ImageLoader,org.pitest.mutationtest.engine.gregor.mutators.MathMutator,loadImages,77,KILLED,org.jpacman.test.framework.view.ImageLoaderTest.testPlayer(org.jpacman.test.framework.view.ImageLoaderTest)
ImageLoader.java,org.jpacman.framework.view.ImageLoader,org.pitest.mutationtest.engine.gregor.mutators.NegateConditionalsMutator,loadImages,75,KILLED,org.jpacman.test.framework.view.ImageLoaderTest.testPlayer(org.jpacman.test.framework.view.ImageLoaderTest)
ImageLoader.java,org.jpacman.framework.view.ImageLoader,org.pitest.mutationtest.engine.gregor.mutators.NegateConditionalsMutator,loadImages,72,KILLED,org.jpacman.test.framework.view.ImageLoaderTest.testPlayer(org.jpacman.test.framework.view.ImageLoaderTest)
ImageLoader.java,org.jpacman.framework.view.ImageLoader,org.pitest.mutationtest.engine.gregor.mutators.MathMutator,monster,129,SURVIVED,none
ImageLoader.java,org.jpacman.framework.view.ImageLoader,org.pitest.mutationtest.engine.gregor.mutators.ReturnValsMutator,monster,129,SURVIVED,none
ImageLoader.java,org.jpacman.framework.view.ImageLoader,org.pitest.mutationtest.engine.gregor.mutators.ReturnValsMutator,monsterAnimationCount,92,KILLED,org.jpacman.test.framework.view.ImageLoaderTest.testMonster(org.jpacman.test.framework.view.ImageLoaderTest)
ImageLoader.java,org.jpacman.framework.view.ImageLoader,org.pitest.mutationtest.engine.gregor.mutators.MathMutator,player,117,KILLED,org.jpacman.test.framework.view.ImageLoaderTest.testPlayer(org.jpacman.test.framework.view.ImageLoaderTest)
ImageLoader.java,org.jpacman.framework.view.ImageLoader,org.pitest.mutationtest.engine.gregor.mutators.ReturnValsMutator,player,119,KILLED,org.jpacman.test.framework.view.ImageLoaderTest.testPlayer(org.jpacman.test.framework.view.ImageLoaderTest)
ImageLoader.java,org.jpacman.framework.view.ImageLoader,org.pitest.mutationtest.engine.gregor.mutators.ReturnValsMutator,playerAnimationCount,101,KILLED,org.jpacman.test.framework.view.ImageLoaderTest.testPlayer(org.jpacman.test.framework.view.ImageLoaderTest)
ImageLoader.java,org.jpacman.framework.view.ImageLoader,org.pitest.mutationtest.engine.gregor.mutators.ConditionalsBoundaryMutator,resize,162,SURVIVED,none
ImageLoader.java,org.jpacman.framework.view.ImageLoader,org.pitest.mutationtest.engine.gregor.mutators.ConditionalsBoundaryMutator,resize,162,SURVIVED,none
ImageLoader.java,org.jpacman.framework.view.ImageLoader,org.pitest.mutationtest.engine.gregor.mutators.NegateConditionalsMutator,resize,162,SURVIVED,none
ImageLoader.java,org.jpacman.framework.view.ImageLoader,org.pitest.mutationtest.engine.gregor.mutators.NegateConditionalsMutator,resize,162,SURVIVED,none
ImageLoader.java,org.jpacman.framework.view.ImageLoader,org.pitest.mutationtest.engine.gregor.mutators.NegateConditionalsMutator,resize,165,SURVIVED,none
ImageLoader.java,org.jpacman.framework.view.ImageLoader,org.pitest.mutationtest.engine.gregor.mutators.NegateConditionalsMutator,resize,165,SURVIVED,none
ImageLoader.java,org.jpacman.framework.view.ImageLoader,org.pitest.mutationtest.engine.gregor.mutators.ReturnValsMutator,resize,170,KILLED,org.jpacman.test.framework.view.ImageLoaderTest.testPlayer(org.jpacman.test.framework.view.ImageLoaderTest)
ButtonPanel.java,org.jpacman.framework.ui.ButtonPanel,org.pitest.mutationtest.engine.gregor.mutators.MathMutator,addButton,84,SURVIVED,none
ButtonPanel.java,org.jpacman.framework.ui.ButtonPanel,org.pitest.mutationtest.engine.gregor.mutators.VoidMethodCallMutator,addButton,85,SURVIVED,none
ButtonPanel.java,org.jpacman.framework.ui.ButtonPanel,org.pitest.mutationtest.engine.gregor.mutators.ReturnValsMutator,createExitButton,149,KILLED,org.jpacman.test.framework.accept.MoveGhostStoryTest.testInitialSetup(org.jpacman.test.framework.accept.MoveGhostStoryTest)
ButtonPanel.java,org.jpacman.framework.ui.ButtonPanel,org.pitest.mutationtest.engine.gregor.mutators.VoidMethodCallMutator,createExitButton,143,SURVIVED,none
ButtonPanel.java,org.jpacman.framework.ui.ButtonPanel,org.pitest.mutationtest.engine.gregor.mutators.ReturnValsMutator,getPacmanInteractor,45,NO_COVERAGE,none
ButtonPanel.java,org.jpacman.framework.ui.ButtonPanel,org.pitest.mutationtest.engine.gregor.mutators.VoidMethodCallMutator,initialize,65,SURVIVED,none
ButtonPanel.java,org.jpacman.framework.ui.ButtonPanel,org.pitest.mutationtest.engine.gregor.mutators.VoidMethodCallMutator,initialize,66,SURVIVED,none
ButtonPanel.java,org.jpacman.framework.ui.ButtonPanel,org.pitest.mutationtest.engine.gregor.mutators.VoidMethodCallMutator,initialize,70,SURVIVED,none
ButtonPanel.java,org.jpacman.framework.ui.ButtonPanel,org.pitest.mutationtest.engine.gregor.mutators.VoidMethodCallMutator,initialize,71,SURVIVED,none
ButtonPanel.java,org.jpacman.framework.ui.ButtonPanel,org.pitest.mutationtest.engine.gregor.mutators.VoidMethodCallMutator,initialize,72,SURVIVED,none
ButtonPanel.java,org.jpacman.framework.ui.ButtonPanel,org.pitest.mutationtest.engine.gregor.mutators.VoidMethodCallMutator,initialize,73,SURVIVED,none
ButtonPanel.java,org.jpacman.framework.ui.ButtonPanel,org.pitest.mutationtest.engine.gregor.mutators.VoidMethodCallMutator,initializeStartButton,100,SURVIVED,none
ButtonPanel.java,org.jpacman.framework.ui.ButtonPanel,org.pitest.mutationtest.engine.gregor.mutators.VoidMethodCallMutator,initializeStartButton,113,SURVIVED,none
ButtonPanel.java,org.jpacman.framework.ui.ButtonPanel,org.pitest.mutationtest.engine.gregor.mutators.VoidMethodCallMutator,initializeStopButton,121,SURVIVED,none
ButtonPanel.java,org.jpacman.framework.ui.ButtonPanel,org.pitest.mutationtest.engine.gregor.mutators.VoidMethodCallMutator,initializeStopButton,122,SURVIVED,none
ButtonPanel.java,org.jpacman.framework.ui.ButtonPanel,org.pitest.mutationtest.engine.gregor.mutators.VoidMethodCallMutator,initializeStopButton,135,SURVIVED,none
ButtonPanel.java,org.jpacman.framework.ui.ButtonPanel,org.pitest.mutationtest.engine.gregor.mutators.MathMutator,invariant,53,NO_COVERAGE,none
ButtonPanel.java,org.jpacman.framework.ui.ButtonPanel,org.pitest.mutationtest.engine.gregor.mutators.ReturnValsMutator,invariant,52,NO_COVERAGE,none
ButtonPanel.java,org.jpacman.framework.ui.ButtonPanel,org.pitest.mutationtest.engine.gregor.mutators.MathMutator,setPanelSize,93,SURVIVED,none
ButtonPanel.java,org.jpacman.framework.ui.ButtonPanel,org.pitest.mutationtest.engine.gregor.mutators.VoidMethodCallMutator,setPanelSize,93,SURVIVED,none
ButtonPanel.java,org.jpacman.framework.ui.ButtonPanel,org.pitest.mutationtest.engine.gregor.mutators.ReturnValsMutator,withInteractor,36,KILLED,org.jpacman.test.framework.accept.MoveGhostStoryTest.testInitialSetup(org.jpacman.test.framework.accept.MoveGhostStoryTest)
ButtonPanel.java,org.jpacman.framework.ui.ButtonPanel,org.pitest.mutationtest.engine.gregor.mutators.ReturnValsMutator,withParent,159,KILLED,org.jpacman.test.framework.ui.ButtonPanelTest.buttonPanelSmokeTest(org.jpacman.test.framework.ui.ButtonPanelTest)
MapParser.java,org.jpacman.framework.factory.MapParser,org.pitest.mutationtest.engine.gregor.mutators.NegateConditionalsMutator,addSprite,95,KILLED,org.jpacman.test.framework.factory.FactoryIntegrationTest.testFullMap(org.jpacman.test.framework.factory.FactoryIntegrationTest)
MapParser.java,org.jpacman.framework.factory.MapParser,org.pitest.mutationtest.engine.gregor.mutators.VoidMethodCallMutator,addSprite,96,KILLED,org.jpacman.test.framework.factory.FactoryIntegrationTest.testFullMap(org.jpacman.test.framework.factory.FactoryIntegrationTest)
MapParser.java,org.jpacman.framework.factory.MapParser,org.pitest.mutationtest.engine.gregor.mutators.NegateConditionalsMutator,getMap,190,KILLED,org.jpacman.test.framework.accept.MoveGhostStoryTest.testInitialSetup(org.jpacman.test.framework.accept.MoveGhostStoryTest)
MapParser.java,org.jpacman.framework.factory.MapParser,org.pitest.mutationtest.engine.gregor.mutators.ReturnValsMutator,getMap,199,KILLED,org.jpacman.test.framework.accept.MoveGhostStoryTest.testInitialSetup(org.jpacman.test.framework.accept.MoveGhostStoryTest)
MapParser.java,org.jpacman.framework.factory.MapParser,org.pitest.mutationtest.engine.gregor.mutators.VoidMethodCallMutator,getMap,195,SURVIVED,none
MapParser.java,org.jpacman.framework.factory.MapParser,org.pitest.mutationtest.engine.gregor.mutators.ReturnValsMutator,getMap,175,KILLED,org.jpacman.test.framework.accept.MoveGhostStoryTest.testInitialSetup(org.jpacman.test.framework.accept.MoveGhostStoryTest)
MapParser.java,org.jpacman.framework.factory.MapParser,org.pitest.mutationtest.engine.gregor.mutators.NegateConditionalsMutator,getResourceStream,148,KILLED,org.jpacman.test.framework.accept.MoveGhostStoryTest.testInitialSetup(org.jpacman.test.framework.accept.MoveGhostStoryTest)
MapParser.java,org.jpacman.framework.factory.MapParser,org.pitest.mutationtest.engine.gregor.mutators.ReturnValsMutator,getResourceStream,152,KILLED,org.jpacman.test.framework.accept.MoveGhostStoryTest.testInitialSetup(org.jpacman.test.framework.accept.MoveGhostStoryTest)
MapParser.java,org.jpacman.framework.factory.MapParser,org.pitest.mutationtest.engine.gregor.mutators.ReturnValsMutator,getSprite,127,KILLED,org.jpacman.test.framework.factory.FactoryIntegrationTest.testFullMap(org.jpacman.test.framework.factory.FactoryIntegrationTest)
MapParser.java,org.jpacman.framework.factory.MapParser,org.pitest.mutationtest.engine.gregor.mutators.VoidMethodCallMutator,getSprite,125,NO_COVERAGE,none
MapParser.java,org.jpacman.framework.factory.MapParser,org.pitest.mutationtest.engine.gregor.mutators.ReturnValsMutator,parseFromFile,162,KILLED,org.jpacman.test.framework.accept.MoveGhostStoryTest.testInitialSetup(org.jpacman.test.framework.accept.MoveGhostStoryTest)
MapParser.java,org.jpacman.framework.factory.MapParser,org.pitest.mutationtest.engine.gregor.mutators.ConditionalsBoundaryMutator,parseMap,78,KILLED,org.jpacman.test.framework.factory.FactoryIntegrationTest.testFullMap(org.jpacman.test.framework.factory.FactoryIntegrationTest)
MapParser.java,org.jpacman.framework.factory.MapParser,org.pitest.mutationtest.engine.gregor.mutators.ConditionalsBoundaryMutator,parseMap,73,KILLED,org.jpacman.test.framework.factory.FactoryIntegrationTest.testFullMap(org.jpacman.test.framework.factory.FactoryIntegrationTest)
MapParser.java,org.jpacman.framework.factory.MapParser,org.pitest.mutationtest.engine.gregor.mutators.IncrementsMutator,parseMap,78,KILLED,org.jpacman.test.framework.factory.FactoryIntegrationTest.testFullMap(org.jpacman.test.framework.factory.FactoryIntegrationTest)
MapParser.java,org.jpacman.framework.factory.MapParser,org.pitest.mutationtest.engine.gregor.mutators.IncrementsMutator,parseMap,73,KILLED,org.jpacman.test.framework.factory.FactoryIntegrationTest.testFullMap(org.jpacman.test.framework.factory.FactoryIntegrationTest)
MapParser.java,org.jpacman.framework.factory.MapParser,org.pitest.mutationtest.engine.gregor.mutators.NegateConditionalsMutator,parseMap,61,KILLED,org.jpacman.test.framework.factory.FactoryIntegrationTest.testFullMap(org.jpacman.test.framework.factory.FactoryIntegrationTest)
MapParser.java,org.jpacman.framework.factory.MapParser,org.pitest.mutationtest.engine.gregor.mutators.NegateConditionalsMutator,parseMap,66,KILLED,org.jpacman.test.framework.factory.FactoryIntegrationTest.testFullMap(org.jpacman.test.framework.factory.FactoryIntegrationTest)
MapParser.java,org.jpacman.framework.factory.MapParser,org.pitest.mutationtest.engine.gregor.mutators.NegateConditionalsMutator,parseMap,74,KILLED,org.jpacman.test.framework.factory.FactoryIntegrationTest.testFullMap(org.jpacman.test.framework.factory.FactoryIntegrationTest)
MapParser.java,org.jpacman.framework.factory.MapParser,org.pitest.mutationtest.engine.gregor.mutators.NegateConditionalsMutator,parseMap,78,KILLED,org.jpacman.test.framework.factory.FactoryIntegrationTest.testFullMap(org.jpacman.test.framework.factory.FactoryIntegrationTest)
MapParser.java,org.jpacman.framework.factory.MapParser,org.pitest.mutationtest.engine.gregor.mutators.NegateConditionalsMutator,parseMap,73,KILLED,org.jpacman.test.framework.factory.FactoryIntegrationTest.testFullMap(org.jpacman.test.framework.factory.FactoryIntegrationTest)
MapParser.java,org.jpacman.framework.factory.MapParser,org.pitest.mutationtest.engine.gregor.mutators.ReturnValsMutator,parseMap,83,KILLED,org.jpacman.test.framework.factory.FactoryIntegrationTest.testFullMap(org.jpacman.test.framework.factory.FactoryIntegrationTest)
MapParser.java,org.jpacman.framework.factory.MapParser,org.pitest.mutationtest.engine.gregor.mutators.VoidMethodCallMutator,parseMap,79,KILLED,org.jpacman.test.framework.factory.FactoryIntegrationTest.testFullMap(org.jpacman.test.framework.factory.FactoryIntegrationTest)
PointManager.java,org.jpacman.framework.model.PointManager,org.pitest.mutationtest.engine.gregor.mutators.MathMutator,addPointsToBoard,28,KILLED,org.jpacman.test.framework.model.PointManagerTest.testEatAll(org.jpacman.test.framework.model.PointManagerTest)
PointManager.java,org.jpacman.framework.model.PointManager,org.pitest.mutationtest.engine.gregor.mutators.NegateConditionalsMutator,allEaten,61,KILLED,org.jpacman.test.framework.model.PointManagerTest.testAdd(org.jpacman.test.framework.model.PointManagerTest)
PointManager.java,org.jpacman.framework.model.PointManager,org.pitest.mutationtest.engine.gregor.mutators.ReturnValsMutator,allEaten,61,KILLED,org.jpacman.test.framework.model.PointManagerTest.testEatAll(org.jpacman.test.framework.model.PointManagerTest)
PointManager.java,org.jpacman.framework.model.PointManager,org.pitest.mutationtest.engine.gregor.mutators.ReturnValsMutator,allEaten,61,KILLED,org.jpacman.test.framework.model.PointManagerTest.testAdd(org.jpacman.test.framework.model.PointManagerTest)
PointManager.java,org.jpacman.framework.model.PointManager,org.pitest.mutationtest.engine.gregor.mutators.MathMutator,consumePointsOnBoard,38,KILLED,org.jpacman.test.framework.model.PointManagerTest.testEatAll(org.jpacman.test.framework.model.PointManagerTest)
PointManager.java,org.jpacman.framework.model.PointManager,org.pitest.mutationtest.engine.gregor.mutators.VoidMethodCallMutator,consumePointsOnBoard,50,SURVIVED,none
PointManager.java,org.jpacman.framework.model.PointManager,org.pitest.mutationtest.engine.gregor.mutators.ReturnValsMutator,getFoodEaten,69,SURVIVED,none
PointManager.java,org.jpacman.framework.model.PointManager,org.pitest.mutationtest.engine.gregor.mutators.ConditionalsBoundaryMutator,invariant,17,NO_COVERAGE,none
PointManager.java,org.jpacman.framework.model.PointManager,org.pitest.mutationtest.engine.gregor.mutators.ConditionalsBoundaryMutator,invariant,17,NO_COVERAGE,none
PointManager.java,org.jpacman.framework.model.PointManager,org.pitest.mutationtest.engine.gregor.mutators.NegateConditionalsMutator,invariant,17,NO_COVERAGE,none
PointManager.java,org.jpacman.framework.model.PointManager,org.pitest.mutationtest.engine.gregor.mutators.NegateConditionalsMutator,invariant,17,NO_COVERAGE,none
PointManager.java,org.jpacman.framework.model.PointManager,org.pitest.mutationtest.engine.gregor.mutators.ReturnValsMutator,invariant,17,NO_COVERAGE,none
PointManager.java,org.jpacman.framework.model.PointManager,org.pitest.mutationtest.engine.gregor.mutators.ReturnValsMutator,invariant,17,NO_COVERAGE,none
PointManager.java,org.jpacman.framework.model.PointManager,org.pitest.mutationtest.engine.gregor.mutators.ReturnValsMutator,totalFoodInGame,77,SURVIVED,none
Player.java,org.jpacman.framework.model.Player,org.pitest.mutationtest.engine.gregor.mutators.MathMutator,addPoints,40,SURVIVED,none
Player.java,org.jpacman.framework.model.Player,org.pitest.mutationtest.engine.gregor.mutators.ReturnValsMutator,addPoints,42,SURVIVED,none
Player.java,org.jpacman.framework.model.Player,org.pitest.mutationtest.engine.gregor.mutators.ReturnValsMutator,getDirection,71,SURVIVED,none
Player.java,org.jpacman.framework.model.Player,org.pitest.mutationtest.engine.gregor.mutators.ReturnValsMutator,getPoints,22,KILLED,org.jpacman.test.framework.accept.MoveGhostStoryTest.testInitialSetup(org.jpacman.test.framework.accept.MoveGhostStoryTest)
Player.java,org.jpacman.framework.model.Player,org.pitest.mutationtest.engine.gregor.mutators.ReturnValsMutator,getSpriteType,64,KILLED,org.jpacman.test.framework.factory.FactoryIntegrationTest.testFullMap(org.jpacman.test.framework.factory.FactoryIntegrationTest)
Player.java,org.jpacman.framework.model.Player,org.pitest.mutationtest.engine.gregor.mutators.ReturnValsMutator,isAlive,56,KILLED,org.jpacman.test.framework.accept.MoveGhostStoryTest.testInitialSetup(org.jpacman.test.framework.accept.MoveGhostStoryTest)
Player.java,org.jpacman.framework.model.Player,org.pitest.mutationtest.engine.gregor.mutators.ConditionalsBoundaryMutator,playerInvariant,29,NO_COVERAGE,none
Player.java,org.jpacman.framework.model.Player,org.pitest.mutationtest.engine.gregor.mutators.NegateConditionalsMutator,playerInvariant,29,NO_COVERAGE,none
Player.java,org.jpacman.framework.model.Player,org.pitest.mutationtest.engine.gregor.mutators.NegateConditionalsMutator,playerInvariant,29,NO_COVERAGE,none
Player.java,org.jpacman.framework.model.Player,org.pitest.mutationtest.engine.gregor.mutators.ReturnValsMutator,playerInvariant,29,NO_COVERAGE,none
Player.java,org.jpacman.framework.model.Player,org.pitest.mutationtest.engine.gregor.mutators.ReturnValsMutator,playerInvariant,29,NO_COVERAGE,none
DefaultGameFactory.java,org.jpacman.framework.factory.DefaultGameFactory,org.pitest.mutationtest.engine.gregor.mutators.ReturnValsMutator,getGame,68,KILLED,org.jpacman.test.framework.factory.FactoryIntegrationTest.testFullMap(org.jpacman.test.framework.factory.FactoryIntegrationTest)
DefaultGameFactory.java,org.jpacman.framework.factory.DefaultGameFactory,org.pitest.mutationtest.engine.gregor.mutators.ReturnValsMutator,makeBoard,60,KILLED,org.jpacman.test.framework.factory.FactoryIntegrationTest.testFullMap(org.jpacman.test.framework.factory.FactoryIntegrationTest)
DefaultGameFactory.java,org.jpacman.framework.factory.DefaultGameFactory,org.pitest.mutationtest.engine.gregor.mutators.VoidMethodCallMutator,makeBoard,59,KILLED,org.jpacman.test.framework.factory.FactoryIntegrationTest.testFullMap(org.jpacman.test.framework.factory.FactoryIntegrationTest)
DefaultGameFactory.java,org.jpacman.framework.factory.DefaultGameFactory,org.pitest.mutationtest.engine.gregor.mutators.ReturnValsMutator,makeFood,47,KILLED,org.jpacman.test.framework.factory.FactoryIntegrationTest.testFullMap(org.jpacman.test.framework.factory.FactoryIntegrationTest)
DefaultGameFactory.java,org.jpacman.framework.factory.DefaultGameFactory,org.pitest.mutationtest.engine.gregor.mutators.VoidMethodCallMutator,makeFood,46,SURVIVED,none
DefaultGameFactory.java,org.jpacman.framework.factory.DefaultGameFactory,org.pitest.mutationtest.engine.gregor.mutators.ReturnValsMutator,makeGame,23,KILLED,org.jpacman.test.framework.factory.FactoryIntegrationTest.testFullMap(org.jpacman.test.framework.factory.FactoryIntegrationTest)
DefaultGameFactory.java,org.jpacman.framework.factory.DefaultGameFactory,org.pitest.mutationtest.engine.gregor.mutators.ReturnValsMutator,makeGhost,39,KILLED,org.jpacman.test.framework.factory.FactoryIntegrationTest.testFullMap(org.jpacman.test.framework.factory.FactoryIntegrationTest)
DefaultGameFactory.java,org.jpacman.framework.factory.DefaultGameFactory,org.pitest.mutationtest.engine.gregor.mutators.VoidMethodCallMutator,makeGhost,38,KILLED,org.jpacman.test.framework.factory.FactoryIntegrationTest.testFullMap(org.jpacman.test.framework.factory.FactoryIntegrationTest)
DefaultGameFactory.java,org.jpacman.framework.factory.DefaultGameFactory,org.pitest.mutationtest.engine.gregor.mutators.ReturnValsMutator,makePlayer,31,KILLED,org.jpacman.test.framework.factory.FactoryIntegrationTest.testFullMap(org.jpacman.test.framework.factory.FactoryIntegrationTest)
DefaultGameFactory.java,org.jpacman.framework.factory.DefaultGameFactory,org.pitest.mutationtest.engine.gregor.mutators.VoidMethodCallMutator,makePlayer,30,KILLED,org.jpacman.test.framework.factory.FactoryIntegrationTest.testFullMap(org.jpacman.test.framework.factory.FactoryIntegrationTest)
DefaultGameFactory.java,org.jpacman.framework.factory.DefaultGameFactory,org.pitest.mutationtest.engine.gregor.mutators.ReturnValsMutator,makeWall,52,KILLED,org.jpacman.test.framework.factory.FactoryIntegrationTest.testFullMap(org.jpacman.test.framework.factory.FactoryIntegrationTest)
AbstractGhostMover.java,org.jpacman.framework.controller.AbstractGhostMover,org.pitest.mutationtest.engine.gregor.mutators.VoidMethodCallMutator,actionPerformed,79,SURVIVED,none
AbstractGhostMover.java,org.jpacman.framework.controller.AbstractGhostMover,org.pitest.mutationtest.engine.gregor.mutators.NegateConditionalsMutator,controllerInvariant,68,NO_COVERAGE,none
AbstractGhostMover.java,org.jpacman.framework.controller.AbstractGhostMover,org.pitest.mutationtest.engine.gregor.mutators.NegateConditionalsMutator,controllerInvariant,68,NO_COVERAGE,none
AbstractGhostMover.java,org.jpacman.framework.controller.AbstractGhostMover,org.pitest.mutationtest.engine.gregor.mutators.ReturnValsMutator,controllerInvariant,68,NO_COVERAGE,none
AbstractGhostMover.java,org.jpacman.framework.controller.AbstractGhostMover,org.pitest.mutationtest.engine.gregor.mutators.ReturnValsMutator,controllerInvariant,68,NO_COVERAGE,none
AbstractGhostMover.java,org.jpacman.framework.controller.AbstractGhostMover,org.pitest.mutationtest.engine.gregor.mutators.ReturnValsMutator,gameInteraction,130,SURVIVED,none
AbstractGhostMover.java,org.jpacman.framework.controller.AbstractGhostMover,org.pitest.mutationtest.engine.gregor.mutators.NegateConditionalsMutator,getRandomGhost,111,SURVIVED,none
AbstractGhostMover.java,org.jpacman.framework.controller.AbstractGhostMover,org.pitest.mutationtest.engine.gregor.mutators.ReturnValsMutator,getRandomGhost,115,SURVIVED,none
AbstractGhostMover.java,org.jpacman.framework.controller.AbstractGhostMover,org.pitest.mutationtest.engine.gregor.mutators.ReturnValsMutator,getRandomizer,123,SURVIVED,none
AbstractGhostMover.java,org.jpacman.framework.controller.AbstractGhostMover,org.pitest.mutationtest.engine.gregor.mutators.VoidMethodCallMutator,start,91,SURVIVED,none
AbstractGhostMover.java,org.jpacman.framework.controller.AbstractGhostMover,org.pitest.mutationtest.engine.gregor.mutators.VoidMethodCallMutator,stop,100,SURVIVED,none
Tile.java,org.jpacman.framework.model.Tile,org.pitest.mutationtest.engine.gregor.mutators.VoidMethodCallMutator,addSprite,93,KILLED,org.jpacman.test.framework.model.SpriteTest.relocateSprite(org.jpacman.test.framework.model.SpriteTest)
Tile.java,org.jpacman.framework.model.Tile,org.pitest.mutationtest.engine.gregor.mutators.ReturnValsMutator,containsSprite,69,KILLED,org.jpacman.test.framework.model.SpriteTest.relocateSprite(org.jpacman.test.framework.model.SpriteTest)
Tile.java,org.jpacman.framework.model.Tile,org.pitest.mutationtest.engine.gregor.mutators.ReturnValsMutator,getX,47,KILLED,org.jpacman.test.framework.model.BoardTileAtTest.testTileAtDirection[2](org.jpacman.test.framework.model.BoardTileAtTest)
Tile.java,org.jpacman.framework.model.Tile,org.pitest.mutationtest.engine.gregor.mutators.ReturnValsMutator,getY,54,KILLED,org.jpacman.test.framework.model.BoardTileAtTest.testTileAtDirection[2](org.jpacman.test.framework.model.BoardTileAtTest)
Tile.java,org.jpacman.framework.model.Tile,org.pitest.mutationtest.engine.gregor.mutators.NegateConditionalsMutator,tileInvariant,38,NO_COVERAGE,none
Tile.java,org.jpacman.framework.model.Tile,org.pitest.mutationtest.engine.gregor.mutators.NegateConditionalsMutator,tileInvariant,38,NO_COVERAGE,none
Tile.java,org.jpacman.framework.model.Tile,org.pitest.mutationtest.engine.gregor.mutators.NegateConditionalsMutator,tileInvariant,37,NO_COVERAGE,none
Tile.java,org.jpacman.framework.model.Tile,org.pitest.mutationtest.engine.gregor.mutators.ReturnValsMutator,tileInvariant,40,NO_COVERAGE,none
Tile.java,org.jpacman.framework.model.Tile,org.pitest.mutationtest.engine.gregor.mutators.ReturnValsMutator,toString,101,NO_COVERAGE,none
Tile.java,org.jpacman.framework.model.Tile,org.pitest.mutationtest.engine.gregor.mutators.ReturnValsMutator,topSprite,61,KILLED,org.jpacman.test.framework.model.SpriteTest.relocateSprite(org.jpacman.test.framework.model.SpriteTest)
Sprite.java,org.jpacman.framework.model.Sprite,org.pitest.mutationtest.engine.gregor.mutators.VoidMethodCallMutator,deoccupy,73,KILLED,org.jpacman.test.framework.model.SpriteTest.relocateSprite(org.jpacman.test.framework.model.SpriteTest)
Sprite.java,org.jpacman.framework.model.Sprite,org.pitest.mutationtest.engine.gregor.mutators.ReturnValsMutator,getSpriteType,82,NO_COVERAGE,none
Sprite.java,org.jpacman.framework.model.Sprite,org.pitest.mutationtest.engine.gregor.mutators.ReturnValsMutator,getTile,44,KILLED,org.jpacman.test.framework.model.SpriteTest.testDeoccupy(org.jpacman.test.framework.model.SpriteTest)
Sprite.java,org.jpacman.framework.model.Sprite,org.pitest.mutationtest.engine.gregor.mutators.VoidMethodCallMutator,occupy,57,KILLED,org.jpacman.test.framework.model.SpriteTest.relocateSprite(org.jpacman.test.framework.model.SpriteTest)
Sprite.java,org.jpacman.framework.model.Sprite,org.pitest.mutationtest.engine.gregor.mutators.NegateConditionalsMutator,spriteInvariant,35,NO_COVERAGE,none
Sprite.java,org.jpacman.framework.model.Sprite,org.pitest.mutationtest.engine.gregor.mutators.NegateConditionalsMutator,spriteInvariant,37,NO_COVERAGE,none
Sprite.java,org.jpacman.framework.model.Sprite,org.pitest.mutationtest.engine.gregor.mutators.ReturnValsMutator,spriteInvariant,34,NO_COVERAGE,none
Sprite.java,org.jpacman.framework.model.Sprite,org.pitest.mutationtest.engine.gregor.mutators.ReturnValsMutator,spriteInvariant,34,NO_COVERAGE,none
Sprite.java,org.jpacman.framework.model.Sprite,org.pitest.mutationtest.engine.gregor.mutators.ReturnValsMutator,toString,87,NO_COVERAGE,none
PointsPanel.java,org.jpacman.framework.ui.PointsPanel,org.pitest.mutationtest.engine.gregor.mutators.VoidMethodCallMutator,displayPoints,65,SURVIVED,none
PointsPanel.java,org.jpacman.framework.ui.PointsPanel,org.pitest.mutationtest.engine.gregor.mutators.VoidMethodCallMutator,initialize,42,SURVIVED,none
PointsPanel.java,org.jpacman.framework.ui.PointsPanel,org.pitest.mutationtest.engine.gregor.mutators.VoidMethodCallMutator,initialize,43,SURVIVED,none
PointsPanel.java,org.jpacman.framework.ui.PointsPanel,org.pitest.mutationtest.engine.gregor.mutators.VoidMethodCallMutator,initialize,44,SURVIVED,none
PointsPanel.java,org.jpacman.framework.ui.PointsPanel,org.pitest.mutationtest.engine.gregor.mutators.VoidMethodCallMutator,initialize,49,SURVIVED,none
PointsPanel.java,org.jpacman.framework.ui.PointsPanel,org.pitest.mutationtest.engine.gregor.mutators.VoidMethodCallMutator,initialize,50,SURVIVED,none
PointsPanel.java,org.jpacman.framework.ui.PointsPanel,org.pitest.mutationtest.engine.gregor.mutators.VoidMethodCallMutator,initialize,51,SURVIVED,none
PointsPanel.java,org.jpacman.framework.ui.PointsPanel,org.pitest.mutationtest.engine.gregor.mutators.VoidMethodCallMutator,update,56,SURVIVED,none
PacmanKeyListener.java,org.jpacman.framework.ui.PacmanKeyListener,org.pitest.mutationtest.engine.gregor.mutators.VoidMethodCallMutator,keyPressed,42,NO_COVERAGE,none
PacmanKeyListener.java,org.jpacman.framework.ui.PacmanKeyListener,org.pitest.mutationtest.engine.gregor.mutators.VoidMethodCallMutator,keyPressed,46,NO_COVERAGE,none
PacmanKeyListener.java,org.jpacman.framework.ui.PacmanKeyListener,org.pitest.mutationtest.engine.gregor.mutators.VoidMethodCallMutator,keyPressed,50,NO_COVERAGE,none
PacmanKeyListener.java,org.jpacman.framework.ui.PacmanKeyListener,org.pitest.mutationtest.engine.gregor.mutators.VoidMethodCallMutator,keyPressed,54,NO_COVERAGE,none
PacmanKeyListener.java,org.jpacman.framework.ui.PacmanKeyListener,org.pitest.mutationtest.engine.gregor.mutators.VoidMethodCallMutator,keyPressed,57,NO_COVERAGE,none
PacmanKeyListener.java,org.jpacman.framework.ui.PacmanKeyListener,org.pitest.mutationtest.engine.gregor.mutators.VoidMethodCallMutator,keyPressed,60,NO_COVERAGE,none
PacmanKeyListener.java,org.jpacman.framework.ui.PacmanKeyListener,org.pitest.mutationtest.engine.gregor.mutators.VoidMethodCallMutator,keyPressed,63,NO_COVERAGE,none
ButtonPanel.java,org.jpacman.framework.ui.ButtonPanel$2,org.pitest.mutationtest.engine.gregor.mutators.VoidMethodCallMutator,actionPerformed,127,NO_COVERAGE,none
ButtonPanel.java,org.jpacman.framework.ui.ButtonPanel$2,org.pitest.mutationtest.engine.gregor.mutators.VoidMethodCallMutator,actionPerformed,130,NO_COVERAGE,none
ButtonPanel.java,org.jpacman.framework.ui.ButtonPanel$2,org.pitest.mutationtest.engine.gregor.mutators.VoidMethodCallMutator,actionPerformed,131,NO_COVERAGE,none
ButtonPanel.java,org.jpacman.framework.ui.ButtonPanel$1,org.pitest.mutationtest.engine.gregor.mutators.VoidMethodCallMutator,actionPerformed,105,NO_COVERAGE,none
ButtonPanel.java,org.jpacman.framework.ui.ButtonPanel$1,org.pitest.mutationtest.engine.gregor.mutators.VoidMethodCallMutator,actionPerformed,108,NO_COVERAGE,none
ButtonPanel.java,org.jpacman.framework.ui.ButtonPanel$1,org.pitest.mutationtest.engine.gregor.mutators.VoidMethodCallMutator,actionPerformed,109,NO_COVERAGE,none
Animator.java,org.jpacman.framework.view.Animator,org.pitest.mutationtest.engine.gregor.mutators.VoidMethodCallMutator,doTick,71,SURVIVED,none
Animator.java,org.jpacman.framework.view.Animator,org.pitest.mutationtest.engine.gregor.mutators.VoidMethodCallMutator,start,66,SURVIVED,none
Animator.java,org.jpacman.framework.view.Animator,org.pitest.mutationtest.engine.gregor.mutators.VoidMethodCallMutator,stop,58,SURVIVED,none
Level.java,org.jpacman.framework.model.Level,org.pitest.mutationtest.engine.gregor.mutators.ReturnValsMutator,getGame,78,NO_COVERAGE,none
Level.java,org.jpacman.framework.model.Level,org.pitest.mutationtest.engine.gregor.mutators.ReturnValsMutator,getMapFile,71,KILLED,org.jpacman.test.framework.accept.MoveGhostStoryTest.testInitialSetup(org.jpacman.test.framework.accept.MoveGhostStoryTest)
Level.java,org.jpacman.framework.model.Level,org.pitest.mutationtest.engine.gregor.mutators.ReturnValsMutator,parseMap,64,KILLED,org.jpacman.test.framework.accept.MoveGhostStoryTest.testInitialSetup(org.jpacman.test.framework.accept.MoveGhostStoryTest)
RandomGhostMover.java,org.jpacman.framework.controller.RandomGhostMover,org.pitest.mutationtest.engine.gregor.mutators.NegateConditionalsMutator,doTick,30,SURVIVED,none
RandomGhostMover.java,org.jpacman.framework.controller.RandomGhostMover,org.pitest.mutationtest.engine.gregor.mutators.VoidMethodCallMutator,doTick,35,SURVIVED,none
Direction.java,org.jpacman.framework.model.Direction,org.pitest.mutationtest.engine.gregor.mutators.ReturnValsMutator,getDx,31,KILLED,org.jpacman.test.framework.model.BoardTileAtTest.testTileAtDirection[2](org.jpacman.test.framework.model.BoardTileAtTest)
Direction.java,org.jpacman.framework.model.Direction,org.pitest.mutationtest.engine.gregor.mutators.ReturnValsMutator,getDy,38,KILLED,org.jpacman.test.framework.model.BoardTileAtTest.testTileAtDirection[2](org.jpacman.test.framework.model.BoardTileAtTest)
Food.java,org.jpacman.framework.model.Food,org.pitest.mutationtest.engine.gregor.mutators.ReturnValsMutator,getPoints,23,SURVIVED,none
Food.java,org.jpacman.framework.model.Food,org.pitest.mutationtest.engine.gregor.mutators.ReturnValsMutator,getSpriteType,38,KILLED,org.jpacman.test.framework.factory.FactoryIntegrationTest.testFullMap(org.jpacman.test.framework.factory.FactoryIntegrationTest)
ButtonPanel.java,org.jpacman.framework.ui.ButtonPanel$3,org.pitest.mutationtest.engine.gregor.mutators.VoidMethodCallMutator,actionPerformed,146,NO_COVERAGE,none
Animator.java,org.jpacman.framework.view.Animator$1,org.pitest.mutationtest.engine.gregor.mutators.VoidMethodCallMutator,actionPerformed,47,SURVIVED,none
Wall.java,org.jpacman.framework.model.Wall,org.pitest.mutationtest.engine.gregor.mutators.ReturnValsMutator,getSpriteType,17,KILLED,org.jpacman.test.framework.factory.FactoryIntegrationTest.testFullMap(org.jpacman.test.framework.factory.FactoryIntegrationTest)
Ghost.java,org.jpacman.framework.model.Ghost,org.pitest.mutationtest.engine.gregor.mutators.ReturnValsMutator,getSpriteType,17,KILLED,org.jpacman.test.framework.factory.FactoryIntegrationTest.testFullMap(org.jpacman.test.framework.factory.FactoryIntegrationTest)
