GROUP,PACKAGE,CLASS,INSTRUCTION_MISSED,INSTRUCTION_COVERED,BRANCH_MISSED,BRANCH_COVERED,LINE_MISSED,LINE_COVERED,COMPLEXITY_MISSED,COMPLEXITY_COVERED,METHOD_MISSED,METHOD_COVERED
libGDX Core,com.badlogic.gdx.input,GestureDetector.GestureAdapter,19,0,0,0,9,0,9,0,9,0
libGDX Core,com.badlogic.gdx.input,RemoteInput.KeyEvent,6,0,0,0,1,0,1,0,1,0
libGDX Core,com.badlogic.gdx.input,GestureDetector.VelocityTracker,255,0,16,0,54,0,16,0,8,0
libGDX Core,com.badlogic.gdx.input,RemoteInput,642,0,43,0,162,0,76,0,50,0
libGDX Core,com.badlogic.gdx.input,RemoteSender,472,0,14,0,113,0,18,0,11,0
libGDX Core,com.badlogic.gdx.input,RemoteInput.EventTrigger,352,0,38,0,57,0,23,0,2,0
libGDX Core,com.badlogic.gdx.input,GestureDetector,588,0,68,0,114,0,53,0,19,0
libGDX Core,com.badlogic.gdx.input,GestureDetector.new Timer.Task() {...},26,0,2,0,3,0,3,0,2,0
libGDX Core,com.badlogic.gdx.input,RemoteInput.TouchEvent,6,0,0,0,1,0,1,0,1,0
libGDX Core,com.badlogic.gdx.maps.tiled.objects,TiledMapTileMapObject,46,0,0,0,17,0,7,0,7,0
libGDX Core,com.badlogic.gdx.graphics.g3d.particles.emitters,RegularEmitter.EmissionMode,48,0,0,0,4,0,4,0,4,0
libGDX Core,com.badlogic.gdx.graphics.g3d.particles.emitters,Emitter,98,0,2,0,28,0,14,0,13,0
libGDX Core,com.badlogic.gdx.graphics.g3d.particles.emitters,RegularEmitter,793,0,52,0,142,0,49,0,23,0
libGDX Core,com.badlogic.gdx.utils.compression,Lzma.CommandLine,39,0,0,0,13,0,1,0,1,0
libGDX Core,com.badlogic.gdx.utils.compression,Lzma,188,0,28,0,35,0,17,0,3,0
libGDX Core,com.badlogic.gdx.utils.compression,CRC,125,0,10,0,23,0,12,0,7,0
libGDX Core,com.badlogic.gdx.maps.objects,PolylineMapObject,27,0,0,0,11,0,5,0,5,0
libGDX Core,com.badlogic.gdx.maps.objects,RectangleMapObject,22,0,0,0,6,0,3,0,3,0
libGDX Core,com.badlogic.gdx.maps.objects,CircleMapObject,20,0,0,0,6,0,3,0,3,0
libGDX Core,com.badlogic.gdx.maps.objects,TextureMapObject,90,0,0,0,37,0,18,0,18,0
libGDX Core,com.badlogic.gdx.maps.objects,EllipseMapObject,22,0,0,0,6,0,3,0,3,0
libGDX Core,com.badlogic.gdx.maps.objects,PolygonMapObject,27,0,0,0,11,0,5,0,5,0
libGDX Core,com.badlogic.gdx.graphics,Camera,456,0,6,0,79,0,21,0,18,0
libGDX Core,com.badlogic.gdx.graphics,Texture,420,0,32,0,99,0,42,0,26,0
libGDX Core,com.badlogic.gdx.graphics,Cubemap,505,0,36,0,91,0,40,0,22,0
libGDX Core,com.badlogic.gdx.graphics,Pixmap.Format,185,0,26,0,19,0,21,0,8,0
libGDX Core,com.badlogic.gdx.graphics,VertexAttributes.ReadonlyIterator,70,0,8,0,13,0,10,0,6,0
libGDX Core,com.badlogic.gdx.graphics,PixmapIO.PNG,483,0,28,0,90,0,22,0,8,0
libGDX Core,com.badlogic.gdx.graphics,Colors,195,0,0,0,44,0,6,0,6,0
libGDX Core,com.badlogic.gdx.graphics,PerspectiveCamera,104,0,2,0,22,0,5,0,4,0
libGDX Core,com.badlogic.gdx.graphics,PixmapIO,54,0,0,0,14,0,4,0,4,0
libGDX Core,com.badlogic.gdx.graphics,TextureArray,261,0,22,0,60,0,29,0,18,0
libGDX Core,com.badlogic.gdx.graphics,TextureData.TextureDataType,38,0,0,0,2,0,4,0,4,0
libGDX Core,com.badlogic.gdx.graphics,Mesh.VertexDataType,58,0,0,0,2,0,4,0,4,0
libGDX Core,com.badlogic.gdx.graphics,Color,1432,0,38,0,188,0,65,0,46,0
libGDX Core,com.badlogic.gdx.graphics,Cursor.SystemCursor,78,0,0,0,7,0,4,0,4,0
libGDX Core,com.badlogic.gdx.graphics,GLTexture,322,0,40,0,83,0,39,0,19,0
libGDX Core,com.badlogic.gdx.graphics,Texture.TextureWrap,57,0,0,0,6,0,5,0,5,0
libGDX Core,com.badlogic.gdx.graphics,Cubemap.new AssetLoaderParameters.LoadedCallback() {...},12,0,0,0,3,0,2,0,2,0
libGDX Core,com.badlogic.gdx.graphics,Texture.TextureFilter,113,0,4,0,9,0,8,0,6,0
libGDX Core,com.badlogic.gdx.graphics,PixmapIO.PNG.ChunkBuffer,50,0,0,0,13,0,3,0,3,0
libGDX Core,com.badlogic.gdx.graphics,VertexAttributes.Usage,3,0,0,0,1,0,1,0,1,0
libGDX Core,com.badlogic.gdx.graphics,Pixmap.Filter,38,0,0,0,2,0,4,0,4,0
libGDX Core,com.badlogic.gdx.graphics,PixmapIO.CIM,236,0,4,0,48,0,6,0,4,0
libGDX Core,com.badlogic.gdx.graphics,Cubemap.CubemapSide,161,0,0,0,16,0,7,0,7,0
libGDX Core,com.badlogic.gdx.graphics,Mesh.new Object() {...},33,0,0,0,1,0,1,0,1,0
libGDX Core,com.badlogic.gdx.graphics,Mesh,2363,0,236,0,426,0,189,0,65,0
libGDX Core,com.badlogic.gdx.graphics,FPSLogger,29,0,2,0,7,0,3,0,2,0
libGDX Core,com.badlogic.gdx.graphics,Texture.new AssetLoaderParameters.LoadedCallback() {...},12,0,0,0,3,0,2,0,2,0
libGDX Core,com.badlogic.gdx.graphics,VertexAttributes.ReadonlyIterable,57,0,4,0,15,0,4,0,2,0
libGDX Core,com.badlogic.gdx.graphics,OrthographicCamera,213,0,4,0,40,0,11,0,9,0
libGDX Core,com.badlogic.gdx.graphics,Pixmap,313,0,8,0,72,0,36,0,32,0
libGDX Core,com.badlogic.gdx.graphics,VertexAttributes,437,0,54,0,74,0,40,0,13,0
libGDX Core,com.badlogic.gdx.graphics,Pixmap.Blending,38,0,0,0,2,0,4,0,4,0
libGDX Core,com.badlogic.gdx.graphics,TextureData.Factory,64,0,10,0,7,0,8,0,3,0
libGDX Core,com.badlogic.gdx.graphics,VertexAttribute,203,0,16,0,32,0,24,0,16,0
libGDX Core,com.badlogic.gdx.graphics,TextureArrayData.Factory,10,0,0,0,2,0,2,0,2,0
libGDX Core,com.badlogic.gdx.graphics.glutils,KTXTextureData,931,0,134,0,182,0,85,0,18,0
libGDX Core,com.badlogic.gdx.graphics.glutils,GLVersion.Type,58,0,0,0,5,0,4,0,4,0
libGDX Core,com.badlogic.gdx.graphics.glutils,VertexBufferObjectWithVAO,396,0,22,0,98,0,29,0,18,0
libGDX Core,com.badlogic.gdx.graphics.glutils,VertexBufferObject,445,0,36,0,103,0,37,0,19,0
libGDX Core,com.badlogic.gdx.graphics.glutils,GLFrameBuffer,544,0,64,0,129,0,56,0,24,0
libGDX Core,com.badlogic.gdx.graphics.glutils,FloatFrameBuffer,46,0,4,0,11,0,5,0,3,0
libGDX Core,com.badlogic.gdx.graphics.glutils,FloatTextureData,132,0,12,0,30,0,19,0,13,0
libGDX Core,com.badlogic.gdx.graphics.glutils,ShapeRenderer,4266,0,104,0,696,0,109,0,57,0
libGDX Core,com.badlogic.gdx.graphics.glutils,VertexBufferObjectSubData,408,0,28,0,95,0,30,0,16,0
libGDX Core,com.badlogic.gdx.graphics.glutils,MipMapTextureData,67,0,2,0,17,0,13,0,12,0
libGDX Core,com.badlogic.gdx.graphics.glutils,MipMapGenerator,210,0,24,0,42,0,20,0,8,0
libGDX Core,com.badlogic.gdx.graphics.glutils,ShapeRenderer.ShapeType,57,0,0,0,6,0,5,0,5,0
libGDX Core,com.badlogic.gdx.graphics.glutils,GLOnlyTextureData,90,0,2,0,26,0,13,0,12,0
libGDX Core,com.badlogic.gdx.graphics.glutils,ShaderProgram,1392,0,66,0,376,0,118,0,85,0
libGDX Core,com.badlogic.gdx.graphics.glutils,ETC1.ETC1Data,308,0,14,0,57,0,14,0,7,0
libGDX Core,com.badlogic.gdx.graphics.glutils,FrameBuffer,56,0,0,0,15,0,5,0,5,0
libGDX Core,com.badlogic.gdx.graphics.glutils,HdpiUtils,103,0,8,0,13,0,11,0,7,0
libGDX Core,com.badlogic.gdx.graphics.glutils,FrameBufferCubemap,114,0,6,0,26,0,11,0,8,0
libGDX Core,com.badlogic.gdx.graphics.glutils,ETC1TextureData,199,0,16,0,44,0,22,0,14,0
libGDX Core,com.badlogic.gdx.graphics.glutils,IndexArray,154,0,8,0,37,0,15,0,11,0
libGDX Core,com.badlogic.gdx.graphics.glutils,FileTextureData,197,0,22,0,50,0,25,0,14,0
libGDX Core,com.badlogic.gdx.graphics.glutils,ETC1,129,0,6,0,29,0,9,0,6,0
libGDX Core,com.badlogic.gdx.graphics.glutils,IndexBufferObject,304,0,20,0,71,0,22,0,12,0
libGDX Core,com.badlogic.gdx.graphics.glutils,FacedCubemapData,616,0,68,0,70,0,51,0,17,0
libGDX Core,com.badlogic.gdx.graphics.glutils,VertexArray,317,0,22,0,64,0,25,0,14,0
libGDX Core,com.badlogic.gdx.graphics.glutils,FileTextureArrayData,234,0,24,0,49,0,22,0,10,0
libGDX Core,com.badlogic.gdx.graphics.glutils,ImmediateModeRenderer20,748,0,52,0,112,0,46,0,20,0
libGDX Core,com.badlogic.gdx.graphics.glutils,IndexBufferObjectSubData,332,0,12,0,80,0,19,0,13,0
libGDX Core,com.badlogic.gdx.graphics.glutils,GLVersion,264,0,28,0,49,0,25,0,11,0
libGDX Core,com.badlogic.gdx.graphics.glutils,PixmapTextureData,68,0,2,0,20,0,14,0,13,0
libGDX Core,com.badlogic.gdx.assets,AssetDescriptor,68,0,0,0,20,0,5,0,5,0
libGDX Core,com.badlogic.gdx.assets,RefCountedContainer,44,0,2,0,15,0,8,0,7,0
libGDX Core,com.badlogic.gdx.assets,AssetManager,1950,0,206,0,348,0,150,0,47,0
libGDX Core,com.badlogic.gdx.assets,AssetLoadingTask,445,0,40,0,76,0,28,0,8,0
libGDX Core,com.badlogic.gdx.assets,AssetLoaderParameters,3,0,0,0,2,0,1,0,1,0
libGDX Core,com.badlogic.gdx.graphics.g3d.environment,SpotLight,275,0,30,0,50,0,31,0,16,0
libGDX Core,com.badlogic.gdx.graphics.g3d.environment,BaseLight,29,0,0,0,6,0,3,0,3,0
libGDX Core,com.badlogic.gdx.graphics.g3d.environment,AmbientCubemap,539,0,26,0,63,0,33,0,20,0
libGDX Core,com.badlogic.gdx.graphics.g3d.environment,PointLight,153,0,20,0,27,0,21,0,11,0
libGDX Core,com.badlogic.gdx.graphics.g3d.environment,SphericalHarmonics,138,0,10,0,19,0,13,0,8,0
libGDX Core,com.badlogic.gdx.graphics.g3d.environment,DirectionalShadowLight,197,0,2,0,45,0,13,0,12,0
libGDX Core,com.badlogic.gdx.graphics.g3d.environment,DirectionalLight,132,0,18,0,21,0,19,0,10,0
libGDX Core,com.badlogic.gdx.graphics.g3d.particles.renderers,ModelInstanceControllerRenderData,3,0,0,0,1,0,1,0,1,0
libGDX Core,com.badlogic.gdx.graphics.g3d.particles.renderers,ModelInstanceRenderer,327,0,16,0,41,0,15,0,7,0
libGDX Core,com.badlogic.gdx.graphics.g3d.particles.renderers,BillboardControllerRenderData,3,0,0,0,1,0,1,0,1,0
libGDX Core,com.badlogic.gdx.graphics.g3d.particles.renderers,ParticleControllerControllerRenderer,46,0,4,0,10,0,7,0,5,0
libGDX Core,com.badlogic.gdx.graphics.g3d.particles.renderers,ParticleControllerRenderData,3,0,0,0,1,0,1,0,1,0
libGDX Core,com.badlogic.gdx.graphics.g3d.particles.renderers,BillboardRenderer,78,0,0,0,13,0,5,0,5,0
libGDX Core,com.badlogic.gdx.graphics.g3d.particles.renderers,PointSpriteRenderer,78,0,0,0,13,0,5,0,5,0
libGDX Core,com.badlogic.gdx.graphics.g3d.particles.renderers,PointSpriteControllerRenderData,3,0,0,0,1,0,1,0,1,0
libGDX Core,com.badlogic.gdx.graphics.g3d.particles.renderers,ParticleControllerRenderer,38,0,4,0,14,0,7,0,5,0
libGDX Core,com.badlogic.gdx.graphics.g3d.particles.values,NumericValue,42,0,0,0,13,0,6,0,6,0
libGDX Core,com.badlogic.gdx.graphics.g3d.particles.values,RectangleSpawnShapeValue,268,0,30,0,37,0,19,0,4,0
libGDX Core,com.badlogic.gdx.graphics.g3d.particles.values,ScaledNumericValue,279,0,6,0,61,0,21,0,18,0
libGDX Core,com.badlogic.gdx.graphics.g3d.particles.values,WeightMeshSpawnShapeValue,375,0,6,0,46,0,9,0,6,0
libGDX Core,com.badlogic.gdx.graphics.g3d.particles.values,RangedNumericValue,93,0,0,0,26,0,11,0,11,0
libGDX Core,com.badlogic.gdx.graphics.g3d.particles.values,PrimitiveSpawnShapeValue.SpawnSide,48,0,0,0,2,0,4,0,4,0
libGDX Core,com.badlogic.gdx.graphics.g3d.particles.values,MeshSpawnShapeValue.Triangle,137,0,0,0,9,0,3,0,3,0
libGDX Core,com.badlogic.gdx.graphics.g3d.particles.values,PrimitiveSpawnShapeValue,246,0,6,0,56,0,17,0,14,0
libGDX Core,com.badlogic.gdx.graphics.g3d.particles.values,MeshSpawnShapeValue,92,0,6,0,25,0,10,0,7,0
libGDX Core,com.badlogic.gdx.graphics.g3d.particles.values,LineSpawnShapeValue,66,0,0,0,13,0,4,0,4,0
libGDX Core,com.badlogic.gdx.graphics.g3d.particles.values,UnweightedMeshSpawnShapeValue,287,0,4,0,37,0,7,0,5,0
libGDX Core,com.badlogic.gdx.graphics.g3d.particles.values,CylinderSpawnShapeValue,137,0,18,0,23,0,13,0,4,0
libGDX Core,com.badlogic.gdx.graphics.g3d.particles.values,GradientColorValue,262,0,6,0,51,0,14,0,11,0
libGDX Core,com.badlogic.gdx.graphics.g3d.particles.values,ParticleValue,39,0,0,0,13,0,7,0,7,0
libGDX Core,com.badlogic.gdx.graphics.g3d.particles.values,PointSpawnShapeValue,52,0,0,0,9,0,4,0,4,0
libGDX Core,com.badlogic.gdx.graphics.g3d.particles.values,SpawnShapeValue,137,0,6,0,32,0,13,0,10,0
libGDX Core,com.badlogic.gdx.graphics.g3d.particles.values,EllipseSpawnShapeValue,241,0,12,0,48,0,15,0,9,0
libGDX Core,com.badlogic.gdx.graphics.g3d.attributes,CubemapAttribute,94,0,6,0,21,0,12,0,9,0
libGDX Core,com.badlogic.gdx.graphics.g3d.attributes,IntAttribute,61,0,2,0,13,0,8,0,7,0
libGDX Core,com.badlogic.gdx.graphics.g3d.attributes,TextureAttribute,423,0,28,0,77,0,41,0,27,0
libGDX Core,com.badlogic.gdx.graphics.g3d.attributes,DepthTestAttribute,206,0,22,0,40,0,24,0,13,0
libGDX Core,com.badlogic.gdx.graphics.g3d.attributes,PointLightsAttribute,83,0,10,0,15,0,12,0,7,0
libGDX Core,com.badlogic.gdx.graphics.g3d.attributes,FloatAttribute,84,0,6,0,16,0,11,0,8,0
libGDX Core,com.badlogic.gdx.graphics.g3d.attributes,ColorAttribute,193,0,8,0,35,0,21,0,17,0
libGDX Core,com.badlogic.gdx.graphics.g3d.attributes,BlendingAttribute,200,0,26,0,34,0,25,0,12,0
libGDX Core,com.badlogic.gdx.graphics.g3d.attributes,DirectionalLightsAttribute,83,0,10,0,15,0,12,0,7,0
libGDX Core,com.badlogic.gdx.graphics.g3d.attributes,SpotLightsAttribute,83,0,10,0,15,0,12,0,7,0
libGDX Core,com.badlogic.gdx.utils.compression.lzma,Encoder.LenPriceTableEncoder,75,0,4,0,15,0,8,0,6,0
libGDX Core,com.badlogic.gdx.utils.compression.lzma,Encoder,3554,0,304,0,645,0,187,0,35,0
libGDX Core,com.badlogic.gdx.utils.compression.lzma,Encoder.LenEncoder,225,0,18,0,40,0,13,0,4,0
libGDX Core,com.badlogic.gdx.utils.compression.lzma,Decoder.LiteralDecoder,100,0,10,0,16,0,9,0,4,0
libGDX Core,com.badlogic.gdx.utils.compression.lzma,Decoder.LiteralDecoder.Decoder2,86,0,8,0,18,0,8,0,4,0
libGDX Core,com.badlogic.gdx.utils.compression.lzma,Encoder.Optimal,27,0,2,0,8,0,5,0,4,0
libGDX Core,com.badlogic.gdx.utils.compression.lzma,Base,57,0,14,0,12,0,15,0,8,0
libGDX Core,com.badlogic.gdx.utils.compression.lzma,Decoder.LenDecoder,124,0,8,0,22,0,8,0,4,0
libGDX Core,com.badlogic.gdx.utils.compression.lzma,Encoder.LiteralEncoder.Encoder2,172,0,16,0,39,0,13,0,5,0
libGDX Core,com.badlogic.gdx.utils.compression.lzma,Decoder,562,0,52,0,124,0,32,0,6,0
libGDX Core,com.badlogic.gdx.utils.compression.lzma,Encoder.LiteralEncoder,100,0,10,0,16,0,9,0,4,0
libGDX Core,com.badlogic.gdx.graphics.g3d.model.data,ModelNodeKeyframe,6,0,0,0,2,0,1,0,1,0
libGDX Core,com.badlogic.gdx.graphics.g3d.model.data,ModelMesh,3,0,0,0,1,0,1,0,1,0
libGDX Core,com.badlogic.gdx.graphics.g3d.model.data,ModelNodePart,3,0,0,0,1,0,1,0,1,0
libGDX Core,com.badlogic.gdx.graphics.g3d.model.data,ModelNode,3,0,0,0,1,0,1,0,1,0
libGDX Core,com.badlogic.gdx.graphics.g3d.model.data,ModelMeshPart,3,0,0,0,1,0,1,0,1,0
libGDX Core,com.badlogic.gdx.graphics.g3d.model.data,ModelTexture,3,0,0,0,1,0,1,0,1,0
libGDX Core,com.badlogic.gdx.graphics.g3d.model.data,ModelMaterial,6,0,0,0,2,0,1,0,1,0
libGDX Core,com.badlogic.gdx.graphics.g3d.model.data,ModelMaterial.MaterialType,38,0,0,0,2,0,4,0,4,0
libGDX Core,com.badlogic.gdx.graphics.g3d.model.data,ModelAnimation,8,0,0,0,2,0,1,0,1,0
libGDX Core,com.badlogic.gdx.graphics.g3d.model.data,ModelData,65,0,4,0,12,0,4,0,2,0
libGDX Core,com.badlogic.gdx.graphics.g3d.model.data,ModelNodeAnimation,3,0,0,0,1,0,1,0,1,0
libGDX Core,com.badlogic.gdx.graphics.g3d.particles.influencers,RegionInfluencer.Single,107,0,2,0,19,0,7,0,6,0
libGDX Core,com.badlogic.gdx.graphics.g3d.particles.influencers,DynamicsModifier.Strength,118,0,4,0,27,0,8,0,6,0
libGDX Core,com.badlogic.gdx.graphics.g3d.particles.influencers,RegionInfluencer.Animated,137,0,2,0,23,0,8,0,7,0
libGDX Core,com.badlogic.gdx.graphics.g3d.particles.influencers,DynamicsModifier.Rotational3D,210,0,2,0,25,0,6,0,5,0
libGDX Core,com.badlogic.gdx.graphics.g3d.particles.influencers,Influencer,3,0,0,0,1,0,1,0,1,0
libGDX Core,com.badlogic.gdx.graphics.g3d.particles.influencers,ModelInfluencer,86,0,6,0,22,0,9,0,6,0
libGDX Core,com.badlogic.gdx.graphics.g3d.particles.influencers,ParticleControllerInfluencer.Random.ParticleControllerPool,38,0,2,0,8,0,4,0,3,0
libGDX Core,com.badlogic.gdx.graphics.g3d.particles.influencers,DynamicsModifier.Rotational2D,95,0,2,0,13,0,6,0,5,0
libGDX Core,com.badlogic.gdx.graphics.g3d.particles.influencers,RegionInfluencer.AspectTextureRegion,64,0,0,0,19,0,5,0,5,0
libGDX Core,com.badlogic.gdx.graphics.g3d.particles.influencers,ColorInfluencer.Random,73,0,2,0,12,0,5,0,4,0
libGDX Core,com.badlogic.gdx.graphics.g3d.particles.influencers,ColorInfluencer.Single,277,0,4,0,46,0,11,0,9,0
libGDX Core,com.badlogic.gdx.graphics.g3d.particles.influencers,SpawnInfluencer,139,0,2,0,31,0,13,0,12,0
libGDX Core,com.badlogic.gdx.graphics.g3d.particles.influencers,ParticleControllerFinalizerInfluencer,183,0,12,0,27,0,11,0,5,0
libGDX Core,com.badlogic.gdx.graphics.g3d.particles.influencers,DynamicsModifier.FaceDirection,161,0,2,0,19,0,6,0,5,0
libGDX Core,com.badlogic.gdx.graphics.g3d.particles.influencers,RegionInfluencer.Random,108,0,2,0,19,0,7,0,6,0
libGDX Core,com.badlogic.gdx.graphics.g3d.particles.influencers,DynamicsInfluencer,865,0,56,0,101,0,39,0,11,0
libGDX Core,com.badlogic.gdx.graphics.g3d.particles.influencers,ParticleControllerInfluencer.Single,84,0,6,0,19,0,10,0,7,0
libGDX Core,com.badlogic.gdx.graphics.g3d.particles.influencers,DynamicsModifier.PolarAcceleration,201,0,2,0,23,0,6,0,5,0
libGDX Core,com.badlogic.gdx.graphics.g3d.particles.influencers,RegionInfluencer,163,0,4,0,34,0,12,0,10,0
libGDX Core,com.badlogic.gdx.graphics.g3d.particles.influencers,ParticleControllerInfluencer,230,0,26,0,56,0,21,0,8,0
libGDX Core,com.badlogic.gdx.graphics.g3d.particles.influencers,ModelInfluencer.Random,88,0,4,0,19,0,9,0,7,0
libGDX Core,com.badlogic.gdx.graphics.g3d.particles.influencers,DynamicsModifier.TangentialAcceleration,239,0,2,0,24,0,6,0,5,0
libGDX Core,com.badlogic.gdx.graphics.g3d.particles.influencers,ParticleControllerInfluencer.Random,118,0,6,0,28,0,11,0,8,0
libGDX Core,com.badlogic.gdx.graphics.g3d.particles.influencers,ColorInfluencer,12,0,0,0,4,0,2,0,2,0
libGDX Core,com.badlogic.gdx.graphics.g3d.particles.influencers,DynamicsModifier.BrownianAcceleration,136,0,2,0,18,0,6,0,5,0
libGDX Core,com.badlogic.gdx.graphics.g3d.particles.influencers,ModelInfluencer.Single,44,0,2,0,11,0,6,0,5,0
libGDX Core,com.badlogic.gdx.graphics.g3d.particles.influencers,DynamicsModifier,66,0,0,0,17,0,6,0,6,0
libGDX Core,com.badlogic.gdx.graphics.g3d.particles.influencers,DynamicsModifier.Angular,182,0,6,0,39,0,9,0,6,0
libGDX Core,com.badlogic.gdx.graphics.g3d.particles.influencers,SimpleInfluencer,298,0,8,0,41,0,12,0,8,0
libGDX Core,com.badlogic.gdx.graphics.g3d.particles.influencers,DynamicsModifier.CentripetalAcceleration,196,0,4,0,26,0,7,0,5,0
libGDX Core,com.badlogic.gdx.graphics.g3d.particles.influencers,ModelInfluencer.Random.ModelInstancePool,15,0,0,0,2,0,2,0,2,0
libGDX Core,com.badlogic.gdx.graphics.g3d.particles.influencers,ScaleInfluencer,189,0,6,0,22,0,7,0,4,0
libGDX Core,com.badlogic.gdx.graphics.g3d.model,Node,608,0,80,0,113,0,66,0,26,0
libGDX Core,com.badlogic.gdx.graphics.g3d.model,Animation,8,0,0,0,2,0,1,0,1,0
libGDX Core,com.badlogic.gdx.graphics.g3d.model,NodeAnimation,12,0,0,0,4,0,1,0,1,0
libGDX Core,com.badlogic.gdx.graphics.g3d.model,NodePart,127,0,12,0,28,0,11,0,5,0
libGDX Core,com.badlogic.gdx.graphics.g3d.model,MeshPart,235,0,18,0,44,0,20,0,11,0
libGDX Core,com.badlogic.gdx.graphics.g3d.model,NodeKeyframe,9,0,0,0,4,0,1,0,1,0
libGDX Core,com.badlogic.gdx.graphics.g2d,PixmapPackerIO.ImageFormat,46,0,0,0,7,0,5,0,5,0
libGDX Core,com.badlogic.gdx.graphics.g2d,ParticleEmitter.NumericValue,52,0,4,0,15,0,8,0,6,0
libGDX Core,com.badlogic.gdx.graphics.g2d,ParticleEmitter,3279,0,247,0,603,0,200,0,75,0
libGDX Core,com.badlogic.gdx.graphics.g2d,PolygonRegion,92,0,2,0,19,0,6,0,5,0
libGDX Core,com.badlogic.gdx.graphics.g2d,Animation,333,0,35,0,69,0,33,0,13,0
libGDX Core,com.badlogic.gdx.graphics.g2d,PixmapPacker.GuillotineStrategy.GuillotinePage,47,0,0,0,7,0,1,0,1,0
libGDX Core,com.badlogic.gdx.graphics.g2d,TextureAtlas.new Comparator() {...},23,0,4,0,6,0,4,0,2,0
libGDX Core,com.badlogic.gdx.graphics.g2d,BitmapFont,558,0,40,0,114,0,62,0,42,0
libGDX Core,com.badlogic.gdx.graphics.g2d,TextureAtlas.TextureAtlasData,340,0,20,0,70,0,13,0,3,0
libGDX Core,com.badlogic.gdx.graphics.g2d,Sprite,1852,0,76,0,384,0,91,0,53,0
libGDX Core,com.badlogic.gdx.graphics.g2d,PixmapPackerIO.new Object() {...},19,0,0,0,1,0,1,0,1,0
libGDX Core,com.badlogic.gdx.graphics.g2d,ParticleEmitter.SpawnEllipseSide,48,0,0,0,2,0,4,0,4,0
libGDX Core,com.badlogic.gdx.graphics.g2d,ParticleEmitter.ParticleValue,67,0,8,0,18,0,12,0,8,0
libGDX Core,com.badlogic.gdx.graphics.g2d,PolygonRegionLoader.PolygonRegionParameters,69,0,0,0,4,0,1,0,1,0
libGDX Core,com.badlogic.gdx.graphics.g2d,CpuSpriteBatch,2283,0,130,0,344,0,93,0,28,0
libGDX Core,com.badlogic.gdx.graphics.g2d,TextureAtlas.TextureAtlasData.Region,3,0,0,0,1,0,1,0,1,0
libGDX Core,com.badlogic.gdx.graphics.g2d,PixmapPackerIO.SaveParameters,12,0,0,0,4,0,1,0,1,0
libGDX Core,com.badlogic.gdx.graphics.g2d,PolygonRegionLoader,241,0,22,0,42,0,16,0,5,0
libGDX Core,com.badlogic.gdx.graphics.g2d,PixmapPacker.SkylineStrategy.new Comparator() {...},12,0,0,0,2,0,2,0,2,0
libGDX Core,com.badlogic.gdx.graphics.g2d,TextureRegion,619,0,26,0,125,0,49,0,36,0
libGDX Core,com.badlogic.gdx.graphics.g2d,PixmapPacker,608,0,50,0,106,0,51,0,26,0
libGDX Core,com.badlogic.gdx.graphics.g2d,PixmapPackerIO,239,0,9,0,32,0,8,0,3,0
libGDX Core,com.badlogic.gdx.graphics.g2d,Animation.new Object() {...},47,0,0,0,1,0,1,0,1,0
libGDX Core,com.badlogic.gdx.graphics.g2d,ParticleEffect,830,0,66,0,137,0,61,0,28,0
libGDX Core,com.badlogic.gdx.graphics.g2d,PixmapPacker.SkylineStrategy.SkylinePage,9,0,0,0,3,0,1,0,1,0
libGDX Core,com.badlogic.gdx.graphics.g2d,GlyphLayout.GlyphRun,98,0,2,0,22,0,4,0,3,0
libGDX Core,com.badlogic.gdx.graphics.g2d,ParticleEmitter.Particle,4,0,0,0,2,0,1,0,1,0
libGDX Core,com.badlogic.gdx.graphics.g2d,PixmapPacker.Page.new Texture() {...},14,0,0,0,4,0,2,0,2,0
libGDX Core,com.badlogic.gdx.graphics.g2d,PixmapPacker.GuillotineStrategy,324,0,26,0,50,0,17,0,4,0
libGDX Core,com.badlogic.gdx.graphics.g2d,ParticleEmitter.GradientColorValue,375,0,18,0,61,0,19,0,10,0
libGDX Core,com.badlogic.gdx.graphics.g2d,TextureAtlas.AtlasRegion,122,0,8,0,26,0,10,0,6,0
libGDX Core,com.badlogic.gdx.graphics.g2d,PixmapPacker.SkylineStrategy,217,0,24,0,43,0,15,0,3,0
libGDX Core,com.badlogic.gdx.graphics.g2d,Animation.PlayMode,78,0,0,0,7,0,4,0,4,0
libGDX Core,com.badlogic.gdx.graphics.g2d,TextureAtlas,753,0,68,0,128,0,59,0,25,0
libGDX Core,com.badlogic.gdx.graphics.g2d,ParticleEmitter.SpawnShapeValue,126,0,8,0,31,0,14,0,10,0
libGDX Core,com.badlogic.gdx.graphics.g2d,ParticleEmitter.ScaledNumericValue,408,0,18,0,72,0,27,0,18,0
libGDX Core,com.badlogic.gdx.graphics.g2d,ParticleEffectPool.PooledEffect,15,0,0,0,7,0,3,0,3,0
libGDX Core,com.badlogic.gdx.graphics.g2d,ParticleEmitter.SpawnShape,58,0,0,0,2,0,4,0,4,0
libGDX Core,com.badlogic.gdx.graphics.g2d,SpriteBatch,2934,0,156,0,678,0,118,0,40,0
libGDX Core,com.badlogic.gdx.graphics.g2d,ParticleEmitter.RangedNumericValue,106,0,4,0,28,0,13,0,11,0
libGDX Core,com.badlogic.gdx.graphics.g2d,PixmapPacker.GuillotineStrategy.Node,8,0,0,0,2,0,1,0,1,0
libGDX Core,com.badlogic.gdx.graphics.g2d,TextureAtlas.AtlasSprite,481,0,10,0,84,0,26,0,21,0
libGDX Core,com.badlogic.gdx.graphics.g2d,SpriteCache.Cache,9,0,0,0,4,0,1,0,1,0
libGDX Core,com.badlogic.gdx.graphics.g2d,ParticleEmitter.new Object() {...},44,0,0,0,2,0,1,0,1,0
libGDX Core,com.badlogic.gdx.graphics.g2d,ParticleEffectPool,23,0,0,0,7,0,3,0,3,0
libGDX Core,com.badlogic.gdx.graphics.g2d,TextureAtlas.TextureAtlasData.Page,30,0,0,0,11,0,1,0,1,0
libGDX Core,com.badlogic.gdx.graphics.g2d,PixmapPacker.SkylineStrategy.SkylinePage.Row,3,0,0,0,1,0,1,0,1,0
libGDX Core,com.badlogic.gdx.graphics.g2d,GlyphLayout,1134,0,125,0,234,0,77,0,13,0
libGDX Core,com.badlogic.gdx.graphics.g2d,PolygonSpriteBatch,4061,0,214,0,858,0,150,0,43,0
libGDX Core,com.badlogic.gdx.graphics.g2d,DistanceFieldFont,110,0,4,0,31,0,15,0,13,0
libGDX Core,com.badlogic.gdx.graphics.g2d,PixmapPacker.GuillotineStrategy.new Comparator() {...},18,0,0,0,2,0,2,0,2,0
libGDX Core,com.badlogic.gdx.graphics.g2d,PixmapPacker.Page,75,0,4,0,15,0,7,0,5,0
libGDX Core,com.badlogic.gdx.graphics.g2d,Gdx2DPixmap,499,0,32,0,110,0,51,0,30,0
libGDX Core,com.badlogic.gdx.graphics.g2d,BitmapFont.Glyph,65,0,8,0,12,0,8,0,4,0
libGDX Core,com.badlogic.gdx.graphics.g2d,NinePatch,1847,0,148,0,265,0,115,0,41,0
libGDX Core,com.badlogic.gdx.graphics.g2d,SpriteCache,2837,0,112,0,618,0,89,0,33,0
libGDX Core,com.badlogic.gdx.graphics.g2d,BitmapFont.BitmapFontData,1832,0,184,0,278,0,111,0,19,0
libGDX Core,com.badlogic.gdx.graphics.g2d,DistanceFieldFont.DistanceFieldFontCache,57,0,0,0,17,0,6,0,6,0
libGDX Core,com.badlogic.gdx.graphics.g2d,PolygonSprite,847,0,38,0,175,0,55,0,36,0
libGDX Core,com.badlogic.gdx.graphics.g2d,BitmapFontCache,1501,0,116,0,272,0,100,0,42,0
libGDX Core,com.badlogic.gdx.graphics.g3d.decals,CameraGroupStrategy.new Pool() {...},11,0,0,0,2,0,2,0,2,0
libGDX Core,com.badlogic.gdx.graphics.g3d.decals,CameraGroupStrategy.new Comparator() {...},26,0,0,0,4,0,2,0,2,0
libGDX Core,com.badlogic.gdx.graphics.g3d.decals,DecalBatch,362,0,20,0,79,0,22,0,12,0
libGDX Core,com.badlogic.gdx.graphics.g3d.decals,SimpleOrthoGroupStrategy.Comparator,26,0,4,0,3,0,4,0,2,0
libGDX Core,com.badlogic.gdx.graphics.g3d.decals,SimpleOrthoGroupStrategy,52,0,6,0,18,0,10,0,7,0
libGDX Core,com.badlogic.gdx.graphics.g3d.decals,PluggableGroupStrategy,36,0,0,0,9,0,5,0,5,0
libGDX Core,com.badlogic.gdx.graphics.g3d.decals,CameraGroupStrategy,210,0,16,0,53,0,20,0,12,0
libGDX Core,com.badlogic.gdx.graphics.g3d.decals,Decal,1861,0,12,0,274,0,65,0,59,0
libGDX Core,com.badlogic.gdx.graphics.g3d.decals,DecalMaterial,86,0,14,0,15,0,14,0,7,0
libGDX Core,com.badlogic.gdx.graphics.g3d.decals,DecalBatch.new Pool() {...},13,0,0,0,2,0,2,0,2,0
libGDX Core,com.badlogic.gdx.scenes.scene2d.actions,Actions,771,0,4,0,226,0,77,0,75,0
libGDX Core,com.badlogic.gdx.scenes.scene2d.actions,RotateToAction,30,0,0,0,8,0,5,0,5,0
libGDX Core,com.badlogic.gdx.scenes.scene2d.actions,RepeatAction,64,0,12,0,17,0,12,0,6,0
libGDX Core,com.badlogic.gdx.scenes.scene2d.actions,TimeScaleAction,23,0,2,0,6,0,5,0,4,0
libGDX Core,com.badlogic.gdx.scenes.scene2d.actions,AfterAction,78,0,10,0,16,0,9,0,4,0
libGDX Core,com.badlogic.gdx.scenes.scene2d.actions,RelativeTemporalAction,17,0,0,0,6,0,3,0,3,0
libGDX Core,com.badlogic.gdx.scenes.scene2d.actions,EventAction.new EventListener() {...},29,0,4,0,4,0,4,0,2,0
libGDX Core,com.badlogic.gdx.scenes.scene2d.actions,RunnableAction,50,0,2,0,19,0,8,0,7,0
libGDX Core,com.badlogic.gdx.scenes.scene2d.actions,VisibleAction,17,0,0,0,6,0,4,0,4,0
libGDX Core,com.badlogic.gdx.scenes.scene2d.actions,AddAction,30,0,2,0,11,0,7,0,6,0
libGDX Core,com.badlogic.gdx.scenes.scene2d.actions,FloatAction,57,0,0,0,21,0,10,0,10,0
libGDX Core,com.badlogic.gdx.scenes.scene2d.actions,SequenceAction,134,0,8,0,39,0,12,0,8,0
libGDX Core,com.badlogic.gdx.scenes.scene2d.actions,MoveByAction,36,0,0,0,12,0,7,0,7,0
libGDX Core,com.badlogic.gdx.scenes.scene2d.actions,SizeByAction,36,0,0,0,12,0,7,0,7,0
libGDX Core,com.badlogic.gdx.scenes.scene2d.actions,DelayAction,70,0,6,0,22,0,12,0,9,0
libGDX Core,com.badlogic.gdx.scenes.scene2d.actions,AddListenerAction,41,0,2,0,14,0,8,0,7,0
libGDX Core,com.badlogic.gdx.scenes.scene2d.actions,LayoutAction,39,0,4,0,9,0,7,0,5,0
libGDX Core,com.badlogic.gdx.scenes.scene2d.actions,CountdownEventAction,22,0,2,0,5,0,3,0,2,0
libGDX Core,com.badlogic.gdx.scenes.scene2d.actions,ParallelAction,280,0,22,0,65,0,24,0,13,0
libGDX Core,com.badlogic.gdx.scenes.scene2d.actions,AlphaAction,51,0,2,0,15,0,9,0,8,0
libGDX Core,com.badlogic.gdx.scenes.scene2d.actions,ScaleToAction,66,0,0,0,18,0,9,0,9,0
libGDX Core,com.badlogic.gdx.scenes.scene2d.actions,DelegateAction,91,0,8,0,20,0,13,0,9,0
libGDX Core,com.badlogic.gdx.scenes.scene2d.actions,EventAction,52,0,4,0,16,0,8,0,6,0
libGDX Core,com.badlogic.gdx.scenes.scene2d.actions,RemoveActorAction,19,0,2,0,7,0,4,0,3,0
libGDX Core,com.badlogic.gdx.scenes.scene2d.actions,MoveToAction,91,0,0,0,26,0,12,0,12,0
libGDX Core,com.badlogic.gdx.scenes.scene2d.actions,SizeToAction,59,0,0,0,15,0,8,0,8,0
libGDX Core,com.badlogic.gdx.scenes.scene2d.actions,RotateByAction,18,0,0,0,6,0,4,0,4,0
libGDX Core,com.badlogic.gdx.scenes.scene2d.actions,ColorAction,116,0,2,0,23,0,9,0,8,0
libGDX Core,com.badlogic.gdx.scenes.scene2d.actions,TouchableAction,17,0,0,0,6,0,4,0,4,0
libGDX Core,com.badlogic.gdx.scenes.scene2d.actions,TemporalAction,157,0,14,0,49,0,24,0,17,0
libGDX Core,com.badlogic.gdx.scenes.scene2d.actions,IntAction,60,0,0,0,21,0,10,0,10,0
libGDX Core,com.badlogic.gdx.scenes.scene2d.actions,RemoveListenerAction,41,0,2,0,14,0,8,0,7,0
libGDX Core,com.badlogic.gdx.scenes.scene2d.actions,ScaleByAction,43,0,0,0,15,0,8,0,8,0
libGDX Core,com.badlogic.gdx.scenes.scene2d.actions,RemoveAction,23,0,0,0,9,0,5,0,5,0
libGDX Core,com.badlogic.gdx.scenes.scene2d,Stage.TouchFocus,13,0,0,0,5,0,2,0,2,0
libGDX Core,com.badlogic.gdx.scenes.scene2d,InputEvent,106,0,4,0,38,0,25,0,23,0
libGDX Core,com.badlogic.gdx.scenes.scene2d,Stage,1776,0,194,0,414,0,155,0,58,0
libGDX Core,com.badlogic.gdx.scenes.scene2d,Event,93,0,0,0,37,0,18,0,18,0
libGDX Core,com.badlogic.gdx.scenes.scene2d,InputEvent.Type,118,0,0,0,11,0,4,0,4,0
libGDX Core,com.badlogic.gdx.scenes.scene2d,Touchable,48,0,0,0,4,0,4,0,4,0
libGDX Core,com.badlogic.gdx.scenes.scene2d,InputListener,150,0,14,0,32,0,24,0,13,0
libGDX Core,com.badlogic.gdx.scenes.scene2d,Actor,1608,0,206,0,369,0,200,0,97,0
libGDX Core,com.badlogic.gdx.scenes.scene2d,Action,86,0,10,0,26,0,15,0,10,0
libGDX Core,com.badlogic.gdx.scenes.scene2d,Group,1143,0,148,0,248,0,111,0,37,0
libGDX Core,com.badlogic.gdx.scenes.scene2d,InputListener.new Object() {...},75,0,0,0,1,0,1,0,1,0
libGDX Core,com.badlogic.gdx.utils,JsonValue.JsonIterator,85,0,10,0,15,0,10,0,5,0
libGDX Core,com.badlogic.gdx.utils,IntFloatMap,1940,0,225,0,402,0,148,0,35,0
libGDX Core,com.badlogic.gdx.utils,PauseableThread,76,0,6,0,25,0,9,0,6,0
libGDX Core,com.badlogic.gdx.utils,FloatArray,1153,15,114,0,196,6,98,2,41,2
libGDX Core,com.badlogic.gdx.utils,OrderedMap.OrderedMapEntries,89,0,10,0,16,0,9,0,4,0
libGDX Core,com.badlogic.gdx.utils,LongMap,2101,0,257,0,415,0,162,0,33,0
libGDX Core,com.badlogic.gdx.utils,JsonWriter.new Object() {...},19,0,0,0,1,0,1,0,1,0
libGDX Core,com.badlogic.gdx.utils,IntMap.Keys,58,0,8,0,12,0,7,0,3,0
libGDX Core,com.badlogic.gdx.utils,Pools,112,0,18,0,30,0,18,0,9,0
libGDX Core,com.badlogic.gdx.utils,ObjectIntMap.Entry,16,0,0,0,2,0,2,0,2,0
libGDX Core,com.badlogic.gdx.utils,Base64Coder.CharMap,112,0,10,0,19,0,8,0,3,0
libGDX Core,com.badlogic.gdx.utils,Predicate.PredicateIterable,42,0,2,0,11,0,4,0,3,0
libGDX Core,com.badlogic.gdx.utils,IntFloatMap.Entry,16,0,0,0,2,0,2,0,2,0
libGDX Core,com.badlogic.gdx.utils,BinaryHeap,465,0,56,0,98,0,43,0,15,0
libGDX Core,com.badlogic.gdx.utils,IntSet.IntSetIterator,175,0,22,0,40,0,17,0,6,0
libGDX Core,com.badlogic.gdx.utils,OrderedMap.OrderedMapValues,84,0,10,0,15,0,9,0,4,0
libGDX Core,com.badlogic.gdx.utils,IntMap.Values,77,0,10,0,19,0,11,0,6,0
libGDX Core,com.badlogic.gdx.utils,IntMap.Entries,84,0,8,0,19,0,9,0,5,0
libGDX Core,com.badlogic.gdx.utils,PropertiesUtils,625,0,146,0,176,0,87,0,6,0
libGDX Core,com.badlogic.gdx.utils,PooledLinkedList.Item,0,3,0,0,0,1,0,1,0,1
libGDX Core,com.badlogic.gdx.utils,Predicate.PredicateIterator,112,0,14,0,34,0,14,0,7,0
libGDX Core,com.badlogic.gdx.utils,SortedIntList.Node,3,0,0,0,1,0,1,0,1,0
libGDX Core,com.badlogic.gdx.utils,Queue,195,748,41,79,24,171,34,46,3,17
libGDX Core,com.badlogic.gdx.utils,OrderedSet.OrderedSetIterator,85,0,10,0,16,0,9,0,4,0
libGDX Core,com.badlogic.gdx.utils,Align,3,0,0,0,1,0,1,0,1,0
libGDX Core,com.badlogic.gdx.utils,PerformanceCounters,99,0,8,0,21,0,10,0,6,0
libGDX Core,com.badlogic.gdx.utils,ObjectIntMap.MapIterator,100,0,8,0,25,0,8,0,4,0
libGDX Core,com.badlogic.gdx.utils,Scaling,228,0,13,0,44,0,15,0,5,0
libGDX Core,com.badlogic.gdx.utils,StringBuilder,2248,128,370,6,437,24,265,8,77,8
libGDX Core,com.badlogic.gdx.utils,IntFloatMap.Entries,84,0,8,0,19,0,9,0,5,0
libGDX Core,com.badlogic.gdx.utils,SnapshotArray,228,0,16,0,74,0,34,0,26,0
libGDX Core,com.badlogic.gdx.utils,ObjectIntMap.Keys,78,0,10,0,20,0,12,0,7,0
libGDX Core,com.badlogic.gdx.utils,DataOutput,218,0,26,0,47,0,17,0,4,0
libGDX Core,com.badlogic.gdx.utils,ScreenUtils,168,0,4,0,36,0,8,0,6,0
libGDX Core,com.badlogic.gdx.utils,ObjectFloatMap.Values,63,0,8,0,14,0,8,0,4,0
libGDX Core,com.badlogic.gdx.utils,DelayedRemovalArray,340,0,42,0,78,0,46,0,25,0
libGDX Core,com.badlogic.gdx.utils,IntIntMap.MapIterator,121,0,14,0,30,0,11,0,4,0
libGDX Core,com.badlogic.gdx.utils,ObjectMap.Keys,67,0,8,0,15,0,10,0,6,0
libGDX Core,com.badlogic.gdx.utils,ObjectMap.Entry,16,0,0,0,2,0,2,0,2,0
libGDX Core,com.badlogic.gdx.utils,Pool,75,49,12,4,17,13,13,4,5,4
libGDX Core,com.badlogic.gdx.utils,JsonValue.ValueType,88,0,0,0,2,0,4,0,4,0
libGDX Core,com.badlogic.gdx.utils,GdxBuild,183,0,0,0,30,0,2,0,2,0
libGDX Core,com.badlogic.gdx.utils,ObjectIntMap.Entries,69,0,6,0,16,0,8,0,5,0
libGDX Core,com.badlogic.gdx.utils,NumberUtils,20,6,0,0,6,2,6,2,6,2
libGDX Core,com.badlogic.gdx.utils,DataInput,208,0,27,0,43,0,19,0,4,0
libGDX Core,com.badlogic.gdx.utils,LongArray,1116,0,100,0,190,0,92,0,42,0
libGDX Core,com.badlogic.gdx.utils,JsonValue,2828,0,458,0,512,0,353,0,96,0
libGDX Core,com.badlogic.gdx.utils,OrderedMap.OrderedMapKeys,81,0,10,0,15,0,9,0,4,0
libGDX Core,com.badlogic.gdx.utils,QuickSelect,189,0,20,0,42,0,16,0,6,0
libGDX Core,com.badlogic.gdx.utils,ObjectMap.Entries,66,0,6,0,14,0,7,0,4,0
libGDX Core,com.badlogic.gdx.utils,ObjectFloatMap.MapIterator,100,0,8,0,25,0,8,0,4,0
libGDX Core,com.badlogic.gdx.utils,IntFloatMap.Keys,69,0,10,0,14,0,9,0,4,0
libGDX Core,com.badlogic.gdx.utils,LongMap.Keys,58,0,8,0,12,0,7,0,3,0
libGDX Core,com.badlogic.gdx.utils,Timer,400,0,26,0,79,0,31,0,18,0
libGDX Core,com.badlogic.gdx.utils,SerializationException,106,0,14,0,25,0,15,0,8,0
libGDX Core,com.badlogic.gdx.utils,IdentityMap.Values,74,0,10,0,18,0,11,0,6,0
libGDX Core,com.badlogic.gdx.utils,Timer.TimerThread,174,0,10,0,41,0,10,0,5,0
libGDX Core,com.badlogic.gdx.utils,JsonValue.new Object() {...},40,0,0,0,1,0,1,0,1,0
libGDX Core,com.badlogic.gdx.utils,LongMap.Entry,16,0,0,0,2,0,2,0,2,0
libGDX Core,com.badlogic.gdx.utils,IntFloatMap.MapIterator,121,0,14,0,30,0,11,0,4,0
libGDX Core,com.badlogic.gdx.utils,JsonWriter.JsonObject,28,0,4,0,6,0,4,0,2,0
libGDX Core,com.badlogic.gdx.utils,OrderedSet,180,0,12,0,46,0,17,0,11,0
libGDX Core,com.badlogic.gdx.utils,UBJsonReader,699,0,106,0,143,0,69,0,16,0
libGDX Core,com.badlogic.gdx.utils,LittleEndianInputStream,224,0,4,0,30,0,18,0,16,0
libGDX Core,com.badlogic.gdx.utils,Json.ReadOnlySerializer,4,0,0,0,2,0,2,0,2,0
libGDX Core,com.badlogic.gdx.utils,LongMap.MapIterator,134,0,14,0,32,0,11,0,4,0
libGDX Core,com.badlogic.gdx.utils,ObjectSet.ObjectSetIterator,163,0,16,0,38,0,17,0,9,0
libGDX Core,com.badlogic.gdx.utils,IntFloatMap.Values,72,0,10,0,16,0,9,0,4,0
libGDX Core,com.badlogic.gdx.utils,Logger,84,0,12,0,21,0,16,0,10,0
libGDX Core,com.badlogic.gdx.utils,JsonWriter.OutputType,212,0,35,0,24,0,24,0,6,0
libGDX Core,com.badlogic.gdx.utils,ObjectMap,1926,0,213,0,387,0,144,0,37,0
libGDX Core,com.badlogic.gdx.utils,IntSet,1382,0,159,0,279,0,111,0,31,0
libGDX Core,com.badlogic.gdx.utils,ObjectFloatMap.Keys,78,0,10,0,20,0,12,0,7,0
libGDX Core,com.badlogic.gdx.utils,IntMap.Entry,16,0,0,0,2,0,2,0,2,0
libGDX Core,com.badlogic.gdx.utils,IdentityMap.MapIterator,107,0,8,0,26,0,8,0,4,0
libGDX Core,com.badlogic.gdx.utils,ArrayMap,1487,0,176,0,283,0,131,0,43,0
libGDX Core,com.badlogic.gdx.utils,IntIntMap.Entry,16,0,0,0,2,0,2,0,2,0
libGDX Core,com.badlogic.gdx.utils,ObjectMap.MapIterator,107,0,8,0,26,0,8,0,4,0
libGDX Core,com.badlogic.gdx.utils,XmlReader.Element,693,0,92,0,133,0,82,0,36,0
libGDX Core,com.badlogic.gdx.utils,Array.ArrayIterable,69,0,4,0,18,0,5,0,3,0
libGDX Core,com.badlogic.gdx.utils,PooledLinkedList.new Pool() {...},0,12,0,0,0,2,0,2,0,2
libGDX Core,com.badlogic.gdx.utils,Base64Coder,565,0,60,0,97,0,55,0,25,0
libGDX Core,com.badlogic.gdx.utils,XmlReader,3072,0,129,0,203,0,90,0,21,0
libGDX Core,com.badlogic.gdx.utils,ObjectIntMap.Values,63,0,8,0,14,0,8,0,4,0
libGDX Core,com.badlogic.gdx.utils,ComparableTimSort,1599,0,209,0,340,0,124,0,19,0
libGDX Core,com.badlogic.gdx.utils,IdentityMap.Entry,16,0,0,0,2,0,2,0,2,0
libGDX Core,com.badlogic.gdx.utils,Queue.QueueIterable,0,69,0,4,0,18,0,5,0,3
libGDX Core,com.badlogic.gdx.utils,PerformanceCounter,186,0,10,0,43,0,14,0,9,0
libGDX Core,com.badlogic.gdx.utils,ByteArray,1102,0,100,0,190,0,92,0,42,0
libGDX Core,com.badlogic.gdx.utils,CharArray,1102,0,100,0,190,0,92,0,42,0
libGDX Core,com.badlogic.gdx.utils,ArrayMap.Values,109,0,8,0,18,0,12,0,8,0
libGDX Core,com.badlogic.gdx.utils,IntMap.MapIterator,132,0,14,0,32,0,11,0,4,0
libGDX Core,com.badlogic.gdx.utils,SortedIntList.Iterator,73,0,8,0,16,0,9,0,5,0
libGDX Core,com.badlogic.gdx.utils,Queue.QueueIterator,46,48,7,3,9,12,9,3,4,3
libGDX Core,com.badlogic.gdx.utils,IntIntMap.Values,72,0,10,0,16,0,9,0,4,0
libGDX Core,com.badlogic.gdx.utils,UBJsonWriter.JsonObject,28,0,4,0,6,0,4,0,2,0
libGDX Core,com.badlogic.gdx.utils,IntIntMap.Keys,69,0,10,0,14,0,9,0,4,0
libGDX Core,com.badlogic.gdx.utils,IdentityMap,1833,0,201,0,376,0,133,0,32,0
libGDX Core,com.badlogic.gdx.utils,TimSort,1693,0,217,0,355,0,128,0,19,0
libGDX Core,com.badlogic.gdx.utils,LongMap.Values,77,0,10,0,19,0,11,0,6,0
libGDX Core,com.badlogic.gdx.utils,Json.FieldMetadata,25,0,4,0,5,0,3,0,1,0
libGDX Core,com.badlogic.gdx.utils,ArrayMap.Entries,97,0,8,0,18,0,10,0,6,0
libGDX Core,com.badlogic.gdx.utils,BufferUtils,851,0,62,0,180,0,81,0,47,0
libGDX Core,com.badlogic.gdx.utils,ObjectFloatMap.Entries,69,0,6,0,16,0,8,0,5,0
libGDX Core,com.badlogic.gdx.utils,IdentityMap.Keys,65,0,8,0,15,0,9,0,5,0
libGDX Core,com.badlogic.gdx.utils,SortedIntList,170,0,24,0,40,0,18,0,6,0
libGDX Core,com.badlogic.gdx.utils,Array.ArrayIterator,95,0,10,0,21,0,12,0,7,0
libGDX Core,com.badlogic.gdx.utils,SortedIntList.NodePool,25,0,0,0,8,0,3,0,3,0
libGDX Core,com.badlogic.gdx.utils,GdxRuntimeException,13,0,0,0,6,0,3,0,3,0
libGDX Core,com.badlogic.gdx.utils,IntIntMap.Entries,84,0,8,0,19,0,9,0,5,0
libGDX Core,com.badlogic.gdx.utils,ObjectSet,1345,0,141,0,262,0,103,0,32,0
libGDX Core,com.badlogic.gdx.utils,JsonWriter,261,0,34,0,61,0,35,0,18,0
libGDX Core,com.badlogic.gdx.utils,OrderedMap,283,0,20,0,72,0,24,0,14,0
libGDX Core,com.badlogic.gdx.utils,GdxNativesLoader,23,0,4,0,9,0,5,0,3,0
libGDX Core,com.badlogic.gdx.utils,Select,135,0,20,0,28,0,16,0,6,0
libGDX Core,com.badlogic.gdx.utils,BooleanArray,948,0,82,0,163,0,76,0,35,0
libGDX Core,com.badlogic.gdx.utils,JsonValue.PrettyPrintSettings,3,0,0,0,1,0,1,0,1,0
libGDX Core,com.badlogic.gdx.utils,UBJsonWriter,1144,0,118,0,251,0,110,0,51,0
libGDX Core,com.badlogic.gdx.utils,AtomicQueue,81,0,4,0,19,0,6,0,4,0
libGDX Core,com.badlogic.gdx.utils,IntMap,2026,0,259,0,418,0,163,0,33,0
libGDX Core,com.badlogic.gdx.utils,ObjectFloatMap,1781,0,179,0,363,0,124,0,34,0
libGDX Core,com.badlogic.gdx.utils,DataBuffer,24,0,0,0,7,0,4,0,4,0
libGDX Core,com.badlogic.gdx.utils,IntArray,1102,0,100,0,190,0,92,0,42,0
libGDX Core,com.badlogic.gdx.utils,ObjectMap.Values,67,0,8,0,15,0,10,0,6,0
libGDX Core,com.badlogic.gdx.utils,ArrayMap.Keys,109,0,8,0,18,0,12,0,8,0
libGDX Core,com.badlogic.gdx.utils,IntIntMap,1894,0,217,0,395,0,143,0,34,0
libGDX Core,com.badlogic.gdx.utils,Json,2958,0,390,0,574,0,275,0,80,0
libGDX Core,com.badlogic.gdx.utils,TimeUtils,23,0,0,0,7,0,7,0,7,0
libGDX Core,com.badlogic.gdx.utils,StreamUtils.OptimizedByteArrayOutputStream,19,0,2,0,5,0,4,0,3,0
libGDX Core,com.badlogic.gdx.utils,Array,1339,30,157,1,235,8,127,2,48,2
libGDX Core,com.badlogic.gdx.utils,JsonReader,4639,0,241,0,376,0,158,0,26,0
libGDX Core,com.badlogic.gdx.utils,ReflectionPool,80,0,2,0,19,0,6,0,5,0
libGDX Core,com.badlogic.gdx.utils,LongMap.Entries,84,0,8,0,19,0,9,0,5,0
libGDX Core,com.badlogic.gdx.utils,IdentityMap.Entries,66,0,6,0,14,0,7,0,4,0
libGDX Core,com.badlogic.gdx.utils,Timer.Task,35,0,4,0,10,0,6,0,4,0
libGDX Core,com.badlogic.gdx.utils,Scaling.new Object() {...},61,0,0,0,1,0,1,0,1,0
libGDX Core,com.badlogic.gdx.utils,PooledLinkedList,8,188,2,14,3,57,2,15,0,9
libGDX Core,com.badlogic.gdx.utils,Bits,470,396,72,38,87,65,54,24,12,11
libGDX Core,com.badlogic.gdx.utils,BinaryHeap.Node,13,0,0,0,5,0,3,0,3,0
libGDX Core,com.badlogic.gdx.utils,XmlWriter,229,0,26,0,57,0,24,0,11,0
libGDX Core,com.badlogic.gdx.utils,StreamUtils,156,0,10,0,38,0,19,0,14,0
libGDX Core,com.badlogic.gdx.utils,TextFormatter,293,0,48,0,60,0,28,0,4,0
libGDX Core,com.badlogic.gdx.utils,SharedLibraryLoader,834,0,102,0,149,0,66,0,15,0
libGDX Core,com.badlogic.gdx.utils,Sort,112,0,14,0,21,0,15,0,8,0
libGDX Core,com.badlogic.gdx.utils,ShortArray,1135,0,102,0,194,0,94,0,43,0
libGDX Core,com.badlogic.gdx.utils,I18NBundle,472,0,72,0,111,0,58,0,22,0
libGDX Core,com.badlogic.gdx.utils,ObjectIntMap,1775,0,179,0,363,0,124,0,34,0
libGDX Core,com.badlogic.gdx.utils,ObjectFloatMap.Entry,16,0,0,0,2,0,2,0,2,0
libGDX Core,com.badlogic.gdx.utils.reflect,Field,272,0,26,0,56,0,34,0,21,0
libGDX Core,com.badlogic.gdx.utils.reflect,Method,202,0,14,0,39,0,27,0,20,0
libGDX Core,com.badlogic.gdx.utils.reflect,ClassReflection,575,0,20,0,89,0,36,0,26,0
libGDX Core,com.badlogic.gdx.utils.reflect,ArrayReflection,15,4,0,0,5,1,4,1,4,1
libGDX Core,com.badlogic.gdx.utils.reflect,Annotation,21,0,2,0,7,0,4,0,3,0
libGDX Core,com.badlogic.gdx.utils.reflect,Constructor,92,0,0,0,17,0,6,0,6,0
libGDX Core,com.badlogic.gdx.utils.reflect,ReflectionException,16,0,0,0,8,0,4,0,4,0
libGDX Core,com.badlogic.gdx.utils.compression.rangecoder,Encoder,314,0,24,0,61,0,27,0,15,0
libGDX Core,com.badlogic.gdx.utils.compression.rangecoder,Decoder,212,0,14,0,39,0,14,0,7,0
libGDX Core,com.badlogic.gdx.utils.compression.rangecoder,BitTreeEncoder,212,0,12,0,53,0,14,0,8,0
libGDX Core,com.badlogic.gdx.utils.compression.rangecoder,BitTreeDecoder,110,0,6,0,26,0,8,0,5,0
libGDX Core,com.badlogic.gdx.graphics.g3d.particles,ParticleControllerComponent,60,0,0,0,24,0,15,0,15,0
libGDX Core,com.badlogic.gdx.graphics.g3d.particles,ParticleChannels.ScaleInitializer,20,0,2,0,6,0,4,0,3,0
libGDX Core,com.badlogic.gdx.graphics.g3d.particles,ResourceData.AssetData,59,0,0,0,15,0,4,0,4,0
libGDX Core,com.badlogic.gdx.graphics.g3d.particles,ResourceData,237,0,14,0,48,0,18,0,11,0
libGDX Core,com.badlogic.gdx.graphics.g3d.particles,ParticleChannels.TextureRegionInitializer,69,0,4,0,12,0,5,0,3,0
libGDX Core,com.badlogic.gdx.graphics.g3d.particles,ParticleEffectLoader.ParticleEffectLoadParameter,6,0,0,0,3,0,1,0,1,0
libGDX Core,com.badlogic.gdx.graphics.g3d.particles,ParticleSorter.None,33,0,4,0,9,0,5,0,3,0
libGDX Core,com.badlogic.gdx.graphics.g3d.particles,ParallelArray.FloatChannel,114,0,4,0,18,0,6,0,4,0
libGDX Core,com.badlogic.gdx.graphics.g3d.particles,ParticleShader.Setters,28,0,0,0,7,0,2,0,2,0
libGDX Core,com.badlogic.gdx.graphics.g3d.particles,ParticleChannels.ColorInitializer,20,0,2,0,6,0,4,0,3,0
libGDX Core,com.badlogic.gdx.graphics.g3d.particles,ParticleController,679,0,42,0,144,0,57,0,36,0
libGDX Core,com.badlogic.gdx.graphics.g3d.particles,ParallelArray.ObjectChannel,120,0,4,0,19,0,6,0,4,0
libGDX Core,com.badlogic.gdx.graphics.g3d.particles,ParallelArray,234,0,26,0,54,0,24,0,11,0
libGDX Core,com.badlogic.gdx.graphics.g3d.particles,ParticleChannels.Rotation2dInitializer,41,0,4,0,8,0,5,0,3,0
libGDX Core,com.badlogic.gdx.graphics.g3d.particles,ParallelArray.Channel,15,0,0,0,5,0,1,0,1,0
libGDX Core,com.badlogic.gdx.graphics.g3d.particles,ResourceData.SaveData,141,0,4,0,29,0,10,0,8,0
libGDX Core,com.badlogic.gdx.graphics.g3d.particles,ParticleSorter.Distance,341,0,24,0,52,0,16,0,4,0
libGDX Core,com.badlogic.gdx.graphics.g3d.particles,ParallelArray.ChannelDescriptor,12,0,0,0,5,0,1,0,1,0
libGDX Core,com.badlogic.gdx.graphics.g3d.particles,ParticleSystem,139,0,14,0,38,0,20,0,13,0
libGDX Core,com.badlogic.gdx.graphics.g3d.particles,ParticleEffect,455,0,50,0,81,0,49,0,24,0
libGDX Core,com.badlogic.gdx.graphics.g3d.particles,ParticleChannels.Rotation3dInitializer,55,0,4,0,8,0,5,0,3,0
libGDX Core,com.badlogic.gdx.graphics.g3d.particles,ParticleShader.Inputs,24,0,0,0,5,0,2,0,2,0
libGDX Core,com.badlogic.gdx.graphics.g3d.particles,ParticleEffectLoader,276,0,30,0,59,0,21,0,6,0
libGDX Core,com.badlogic.gdx.graphics.g3d.particles,ParticleEffectLoader.ParticleEffectSaveParameter,12,0,0,0,5,0,1,0,1,0
libGDX Core,com.badlogic.gdx.graphics.g3d.particles,ParticleShader.Setters.new BaseShader.Setter() {...},24,0,0,0,5,0,3,0,3,0
libGDX Core,com.badlogic.gdx.graphics.g3d.particles,ParticleShader.Setters.new BaseShader.Setter() {...},13,0,0,0,4,0,3,0,3,0
libGDX Core,com.badlogic.gdx.graphics.g3d.particles,ParticleShader.Setters.new BaseShader.Setter() {...},13,0,0,0,4,0,3,0,3,0
libGDX Core,com.badlogic.gdx.graphics.g3d.particles,ParticleShader.Setters.new BaseShader.Setter() {...},16,0,0,0,4,0,3,0,3,0
libGDX Core,com.badlogic.gdx.graphics.g3d.particles,ParticleShader.Setters.new BaseShader.Setter() {...},28,0,0,0,4,0,3,0,3,0
libGDX Core,com.badlogic.gdx.graphics.g3d.particles,ParticleShader.Setters.new BaseShader.Setter() {...},20,0,0,0,4,0,3,0,3,0
libGDX Core,com.badlogic.gdx.graphics.g3d.particles,ParticleChannels,136,0,0,0,23,0,5,0,5,0
libGDX Core,com.badlogic.gdx.graphics.g3d.particles,ParticleShader.ParticleType,38,0,0,0,3,0,4,0,4,0
libGDX Core,com.badlogic.gdx.graphics.g3d.particles,ParticleShader,511,0,52,0,104,0,49,0,23,0
libGDX Core,com.badlogic.gdx.graphics.g3d.particles,ParticleShader.Config,138,0,0,0,22,0,5,0,5,0
libGDX Core,com.badlogic.gdx.graphics.g3d.particles,ParticleSorter,13,0,0,0,6,0,4,0,4,0
libGDX Core,com.badlogic.gdx.graphics.g3d.particles,ParallelArray.IntChannel,114,0,4,0,18,0,6,0,4,0
libGDX Core,com.badlogic.gdx.graphics.g3d.particles,ParticleShader.AlignMode,38,0,0,0,2,0,4,0,4,0
libGDX Core,com.badlogic.gdx.math.collision,Segment,117,0,10,0,21,0,11,0,6,0
libGDX Core,com.badlogic.gdx.math.collision,BoundingBox,855,241,37,23,74,16,64,7,35,6
libGDX Core,com.badlogic.gdx.math.collision,Ray,201,0,10,0,34,0,17,0,12,0
libGDX Core,com.badlogic.gdx.math.collision,Sphere,108,0,12,0,16,0,12,0,6,0
libGDX Core,com.badlogic.gdx.graphics.profiling,GL20Profiler,2153,0,2,0,662,0,165,0,164,0
libGDX Core,com.badlogic.gdx.graphics.profiling,GLErrorListener.new GLErrorListener() {...},78,0,8,0,15,0,6,0,2,0
libGDX Core,com.badlogic.gdx.graphics.profiling,GLErrorListener.new GLErrorListener() {...},16,0,0,0,2,0,2,0,2,0
libGDX Core,com.badlogic.gdx.graphics.profiling,GL30Profiler,3440,0,2,0,1039,0,257,0,256,0
libGDX Core,com.badlogic.gdx.graphics.profiling,GLProfiler,104,0,28,0,26,0,23,0,7,0
libGDX Core,com.badlogic.gdx.graphics.profiling,GLErrorListener,9,0,0,0,2,0,1,0,1,0
libGDX Core,com.badlogic.gdx.utils.compression.lz,BinTree,1140,0,104,0,198,0,63,0,11,0
libGDX Core,com.badlogic.gdx.utils.compression.lz,OutWindow,163,0,22,0,36,0,20,0,9,0
libGDX Core,com.badlogic.gdx.utils.compression.lz,InWindow,311,0,30,0,60,0,28,0,13,0
libGDX Core,com.badlogic.gdx.assets.loaders.resolvers,ClasspathFileHandleResolver,7,0,0,0,2,0,2,0,2,0
libGDX Core,com.badlogic.gdx.assets.loaders.resolvers,ExternalFileHandleResolver,7,0,0,0,2,0,2,0,2,0
libGDX Core,com.badlogic.gdx.assets.loaders.resolvers,InternalFileHandleResolver,7,0,0,0,2,0,2,0,2,0
libGDX Core,com.badlogic.gdx.assets.loaders.resolvers,PrefixFileHandleResolver,36,0,0,0,11,0,6,0,6,0
libGDX Core,com.badlogic.gdx.assets.loaders.resolvers,ResolutionFileResolver,168,0,30,0,27,0,19,0,4,0
libGDX Core,com.badlogic.gdx.assets.loaders.resolvers,ResolutionFileResolver.Resolution,12,0,0,0,5,0,1,0,1,0
libGDX Core,com.badlogic.gdx.assets.loaders.resolvers,LocalFileHandleResolver,7,0,0,0,2,0,2,0,2,0
libGDX Core,com.badlogic.gdx.assets.loaders.resolvers,AbsoluteFileHandleResolver,7,0,0,0,2,0,2,0,2,0
libGDX Core,com.badlogic.gdx.maps.tiled.renderers,OrthogonalTiledMapRenderer,531,0,18,0,117,0,15,0,5,0
libGDX Core,com.badlogic.gdx.maps.tiled.renderers,BatchTiledMapRenderer,444,0,26,0,109,0,32,0,19,0
libGDX Core,com.badlogic.gdx.maps.tiled.renderers,IsometricStaggeredTiledMapRenderer,624,0,20,0,112,0,16,0,5,0
libGDX Core,com.badlogic.gdx.maps.tiled.renderers,HexagonalTiledMapRenderer,835,0,52,0,144,0,33,0,7,0
libGDX Core,com.badlogic.gdx.maps.tiled.renderers,IsometricTiledMapRenderer,833,0,18,0,134,0,17,0,7,0
libGDX Core,com.badlogic.gdx.maps.tiled.renderers,OrthoCachedTiledMapRenderer,1331,0,94,0,255,0,66,0,18,0
libGDX Core,com.badlogic.gdx.graphics.g3d.particles.batches,BillboardParticleBatch.Config,12,0,0,0,5,0,2,0,2,0
libGDX Core,com.badlogic.gdx.graphics.g3d.particles.batches,BillboardParticleBatch.RenderablePool,10,0,0,0,2,0,2,0,2,0
libGDX Core,com.badlogic.gdx.graphics.g3d.particles.batches,BufferedParticleBatch,109,0,6,0,32,0,13,0,10,0
libGDX Core,com.badlogic.gdx.graphics.g3d.particles.batches,BillboardParticleBatch,2287,0,52,0,316,0,56,0,30,0
libGDX Core,com.badlogic.gdx.graphics.g3d.particles.batches,PointSpriteParticleBatch,548,0,14,0,80,0,19,0,12,0
libGDX Core,com.badlogic.gdx.graphics.g3d.particles.batches,ModelInstanceParticleBatch,71,0,4,0,18,0,10,0,8,0
libGDX Core,com.badlogic.gdx.graphics.g3d.loader,G3dModelLoader,1564,0,222,0,286,0,125,0,14,0
libGDX Core,com.badlogic.gdx.graphics.g3d.loader,ObjLoader.Group,27,0,0,0,7,0,1,0,1,0
libGDX Core,com.badlogic.gdx.graphics.g3d.loader,MtlLoader,366,0,46,0,83,0,26,0,3,0
libGDX Core,com.badlogic.gdx.graphics.g3d.loader,ObjLoader,956,0,112,0,153,0,64,0,8,0
libGDX Core,com.badlogic.gdx.graphics.g3d.loader,ObjLoader.ObjLoaderParameters,9,0,0,0,5,0,2,0,2,0
libGDX Core,com.badlogic.gdx.utils.async,AsyncExecutor.new ThreadFactory() {...},17,0,0,0,4,0,2,0,2,0
libGDX Core,com.badlogic.gdx.utils.async,AsyncExecutor.new Callable() {...},13,0,0,0,2,0,2,0,2,0
libGDX Core,com.badlogic.gdx.utils.async,AsyncExecutor,50,0,2,0,12,0,4,0,3,0
libGDX Core,com.badlogic.gdx.utils.async,ThreadUtils,5,0,0,0,3,0,2,0,2,0
libGDX Core,com.badlogic.gdx.utils.async,AsyncResult,24,0,0,0,9,0,3,0,3,0
libGDX Core,com.badlogic.gdx.utils.viewport,ExtendViewport,208,0,8,0,48,0,17,0,13,0
libGDX Core,com.badlogic.gdx.utils.viewport,FitViewport,13,0,0,0,4,0,2,0,2,0
libGDX Core,com.badlogic.gdx.utils.viewport,ScalingViewport,67,0,0,0,16,0,5,0,5,0
libGDX Core,com.badlogic.gdx.utils.viewport,Viewport,373,0,2,0,77,0,37,0,36,0
libGDX Core,com.badlogic.gdx.utils.viewport,StretchViewport,13,0,0,0,4,0,2,0,2,0
libGDX Core,com.badlogic.gdx.utils.viewport,ScreenViewport,44,0,0,0,13,0,5,0,5,0
libGDX Core,com.badlogic.gdx.utils.viewport,FillViewport,13,0,0,0,4,0,2,0,2,0
libGDX Core,com.badlogic.gdx.net,SocketHints,39,0,0,0,13,0,1,0,1,0
libGDX Core,com.badlogic.gdx.net,NetJavaSocketImpl,169,0,8,0,45,0,12,0,8,0
libGDX Core,com.badlogic.gdx.net,HttpRequestBuilder,182,0,4,0,53,0,18,0,16,0
libGDX Core,com.badlogic.gdx.net,NetJavaImpl,211,0,16,0,48,0,14,0,6,0
libGDX Core,com.badlogic.gdx.net,ServerSocketHints,24,0,0,0,8,0,1,0,1,0
libGDX Core,com.badlogic.gdx.net,NetJavaServerSocketImpl,124,0,8,0,31,0,9,0,5,0
libGDX Core,com.badlogic.gdx.net,HttpStatus,9,0,0,0,4,0,2,0,2,0
libGDX Core,com.badlogic.gdx.net,NetJavaImpl.new AsyncTask() {...},127,0,8,0,30,0,6,0,2,0
libGDX Core,com.badlogic.gdx.net,NetJavaImpl.HttpClientResponse,103,0,4,0,28,0,10,0,8,0
libGDX Core,com.badlogic.gdx.net,HttpParametersUtils,74,0,4,0,17,0,6,0,4,0
libGDX Core,com.badlogic.gdx.maps.tiled,TiledMapTileSets,83,0,8,0,22,0,12,0,8,0
libGDX Core,com.badlogic.gdx.maps.tiled,TiledMapTileLayer.Cell,31,0,0,0,13,0,9,0,9,0
libGDX Core,com.badlogic.gdx.maps.tiled,TideMapLoader,853,0,58,0,172,0,40,0,11,0
libGDX Core,com.badlogic.gdx.maps.tiled,TiledMapTileSet,51,0,0,0,15,0,9,0,9,0
libGDX Core,com.badlogic.gdx.maps.tiled,AtlasTmxMapLoader.AtlasResolver.DirectAtlasResolver,12,0,0,0,4,0,2,0,2,0
libGDX Core,com.badlogic.gdx.maps.tiled,TmxMapLoader,1202,0,100,0,265,0,61,0,11,0
libGDX Core,com.badlogic.gdx.maps.tiled,TiledMap,33,0,4,0,11,0,6,0,4,0
libGDX Core,com.badlogic.gdx.maps.tiled,TideMapLoader.Parameters,3,0,0,0,1,0,1,0,1,0
libGDX Core,com.badlogic.gdx.maps.tiled,BaseTmxMapLoader.Parameters,18,0,0,0,6,0,1,0,1,0
libGDX Core,com.badlogic.gdx.maps.tiled,AtlasTmxMapLoader,1143,0,120,0,254,0,71,0,11,0
libGDX Core,com.badlogic.gdx.maps.tiled,AtlasTmxMapLoader.AtlasResolver.AssetManagerAtlasResolver,13,0,0,0,4,0,2,0,2,0
libGDX Core,com.badlogic.gdx.maps.tiled,TmxMapLoader.Parameters,3,0,0,0,1,0,1,0,1,0
libGDX Core,com.badlogic.gdx.maps.tiled,BaseTmxMapLoader,1158,0,130,0,212,0,76,0,11,0
libGDX Core,com.badlogic.gdx.maps.tiled,TiledMapTile.BlendMode,38,0,0,0,2,0,4,0,4,0
libGDX Core,com.badlogic.gdx.maps.tiled,TiledMapTileLayer,79,0,16,0,18,0,15,0,7,0
libGDX Core,com.badlogic.gdx.maps.tiled,AtlasTmxMapLoader.AtlasTiledMapLoaderParameters,6,0,0,0,2,0,1,0,1,0
libGDX Core,com.badlogic.gdx.maps.tiled,TiledMapImageLayer,33,0,0,0,14,0,7,0,7,0
libGDX Core,com.badlogic.gdx.maps.tiled.tiles,StaticTiledMapTile,77,0,4,0,28,0,15,0,13,0
libGDX Core,com.badlogic.gdx.maps.tiled.tiles,AnimatedTiledMapTile,265,0,14,0,55,0,27,0,20,0
libGDX Core,com.badlogic.gdx,Game,68,0,14,0,18,0,15,0,8,0
libGDX Core,com.badlogic.gdx,Input.Orientation,38,0,0,0,2,0,4,0,4,0
libGDX Core,com.badlogic.gdx,InputAdapter,19,0,0,0,9,0,9,0,9,0
libGDX Core,com.badlogic.gdx,Graphics.GraphicsType,98,0,0,0,2,0,4,0,4,0
libGDX Core,com.badlogic.gdx,Graphics.Monitor,12,0,0,0,5,0,1,0,1,0
libGDX Core,com.badlogic.gdx,Graphics.DisplayMode,38,0,0,0,7,0,2,0,2,0
libGDX Core,com.badlogic.gdx,Input.Keys,345,0,151,0,152,0,149,0,4,0
libGDX Core,com.badlogic.gdx,Files.FileType,68,0,0,0,6,0,4,0,4,0
libGDX Core,com.badlogic.gdx,Net.Protocol,28,0,0,0,2,0,4,0,4,0
libGDX Core,com.badlogic.gdx,Input.Buttons,3,0,0,0,1,0,1,0,1,0
libGDX Core,com.badlogic.gdx,Graphics.BufferFormat,72,0,0,0,11,0,2,0,2,0
libGDX Core,com.badlogic.gdx,ApplicationAdapter,9,0,0,0,7,0,7,0,7,0
libGDX Core,com.badlogic.gdx,InputMultiplexer,278,0,38,0,47,0,37,0,18,0
libGDX Core,com.badlogic.gdx,Gdx,3,0,0,0,1,0,1,0,1,0
libGDX Core,com.badlogic.gdx,Version,120,0,26,0,21,0,19,0,6,0
libGDX Core,com.badlogic.gdx,Application.ApplicationType,78,0,0,0,2,0,4,0,4,0
libGDX Core,com.badlogic.gdx,ScreenAdapter,10,0,0,0,8,0,8,0,8,0
libGDX Core,com.badlogic.gdx,InputEventQueue,354,0,13,0,86,0,25,0,15,0
libGDX Core,com.badlogic.gdx,Input.Peripheral,88,0,0,0,2,0,4,0,4,0
libGDX Core,com.badlogic.gdx,Net.HttpRequest,126,0,4,0,46,0,22,0,20,0
libGDX Core,com.badlogic.gdx.scenes.scene2d.utils,ActorGestureListener.new Object() {...},26,0,0,0,1,0,1,0,1,0
libGDX Core,com.badlogic.gdx.scenes.scene2d.utils,ActorGestureListener.new GestureDetector.GestureAdapter() {...},203,0,0,0,28,0,8,0,8,0
libGDX Core,com.badlogic.gdx.scenes.scene2d.utils,ScissorStack,335,0,18,0,59,0,18,0,9,0
libGDX Core,com.badlogic.gdx.scenes.scene2d.utils,ClickListener,374,0,72,0,78,0,63,0,27,0
libGDX Core,com.badlogic.gdx.scenes.scene2d.utils,ChangeListener,16,0,2,0,5,0,3,0,2,0
libGDX Core,com.badlogic.gdx.scenes.scene2d.utils,ActorGestureListener,172,0,8,0,37,0,19,0,14,0
libGDX Core,com.badlogic.gdx.scenes.scene2d.utils,FocusListener.FocusEvent,30,0,0,0,14,0,8,0,8,0
libGDX Core,com.badlogic.gdx.scenes.scene2d.utils,DragAndDrop.Payload,31,0,0,0,13,0,9,0,9,0
libGDX Core,com.badlogic.gdx.scenes.scene2d.utils,Selection,565,0,118,0,130,0,93,0,34,0
libGDX Core,com.badlogic.gdx.scenes.scene2d.utils,DragAndDrop.Source,17,0,2,0,6,0,4,0,3,0
libGDX Core,com.badlogic.gdx.scenes.scene2d.utils,BaseDrawable,98,0,4,0,35,0,20,0,18,0
libGDX Core,com.badlogic.gdx.scenes.scene2d.utils,DragScrollListener.new Timer.Task() {...},20,0,0,0,3,0,2,0,2,0
libGDX Core,com.badlogic.gdx.scenes.scene2d.utils,DragScrollListener.new Timer.Task() {...},20,0,0,0,3,0,2,0,2,0
libGDX Core,com.badlogic.gdx.scenes.scene2d.utils,FocusListener.FocusEvent.Type,38,0,0,0,2,0,4,0,4,0
libGDX Core,com.badlogic.gdx.scenes.scene2d.utils,ChangeListener.ChangeEvent,3,0,0,0,1,0,1,0,1,0
libGDX Core,com.badlogic.gdx.scenes.scene2d.utils,UIUtils,132,0,36,0,20,0,32,0,14,0
libGDX Core,com.badlogic.gdx.scenes.scene2d.utils,TiledDrawable,275,0,14,0,51,0,13,0,6,0
libGDX Core,com.badlogic.gdx.scenes.scene2d.utils,FocusListener,36,0,5,0,11,0,7,0,4,0
libGDX Core,com.badlogic.gdx.scenes.scene2d.utils,DragAndDrop,162,0,4,0,47,0,18,0,16,0
libGDX Core,com.badlogic.gdx.scenes.scene2d.utils,NinePatchDrawable,72,0,0,0,22,0,7,0,7,0
libGDX Core,com.badlogic.gdx.scenes.scene2d.utils,DragListener,188,0,22,0,47,0,30,0,19,0
libGDX Core,com.badlogic.gdx.scenes.scene2d.utils,DragAndDrop.new DragListener() {...},456,0,64,0,68,0,36,0,4,0
libGDX Core,com.badlogic.gdx.scenes.scene2d.utils,DragScrollListener,142,0,12,0,33,0,11,0,5,0
libGDX Core,com.badlogic.gdx.scenes.scene2d.utils,ArraySelection,138,0,32,0,35,0,21,0,5,0
libGDX Core,com.badlogic.gdx.scenes.scene2d.utils,DragAndDrop.Target,31,0,6,0,9,0,6,0,3,0
libGDX Core,com.badlogic.gdx.scenes.scene2d.utils,FocusListener.new Object() {...},19,0,0,0,1,0,1,0,1,0
libGDX Core,com.badlogic.gdx.scenes.scene2d.utils,SpriteDrawable,171,0,2,0,45,0,9,0,8,0
libGDX Core,com.badlogic.gdx.scenes.scene2d.utils,TextureRegionDrawable,107,0,2,0,28,0,9,0,8,0
libGDX Core,com.badlogic.gdx.graphics.g3d,ModelBatch,456,0,42,0,102,0,50,0,29,0
libGDX Core,com.badlogic.gdx.graphics.g3d,Attribute,134,0,26,0,25,0,22,0,9,0
libGDX Core,com.badlogic.gdx.graphics.g3d,ModelBatch.RenderablePool,48,0,0,0,13,0,4,0,4,0
libGDX Core,com.badlogic.gdx.graphics.g3d,ModelCache.TightMeshPool,112,0,12,0,22,0,10,0,4,0
libGDX Core,com.badlogic.gdx.graphics.g3d,Attributes,463,0,60,0,92,0,57,0,27,0
libGDX Core,com.badlogic.gdx.graphics.g3d,Material,110,0,10,0,27,0,17,0,12,0
libGDX Core,com.badlogic.gdx.graphics.g3d,Renderable,47,0,0,0,11,0,2,0,2,0
libGDX Core,com.badlogic.gdx.graphics.g3d,ModelCache.Sorter,43,0,4,0,12,0,5,0,3,0
libGDX Core,com.badlogic.gdx.graphics.g3d,Environment,281,0,38,0,60,0,32,0,13,0
libGDX Core,com.badlogic.gdx.graphics.g3d,ModelInstance,1063,0,116,0,198,0,100,0,42,0
libGDX Core,com.badlogic.gdx.graphics.g3d,ModelCache.FlushablePool,45,0,0,0,15,0,5,0,5,0
libGDX Core,com.badlogic.gdx.graphics.g3d,Model,1300,0,164,0,212,0,109,0,24,0
libGDX Core,com.badlogic.gdx.graphics.g3d,ModelCache,536,0,40,0,103,0,31,0,11,0
libGDX Core,com.badlogic.gdx.graphics.g3d,ModelCache.SimpleMeshPool,125,0,12,0,24,0,10,0,4,0
libGDX Core,com.badlogic.gdx.graphics.g3d,ModelCache.new ModelCache.FlushablePool() {...},10,0,0,0,2,0,2,0,2,0
libGDX Core,com.badlogic.gdx.graphics.g3d,ModelCache.new ModelCache.FlushablePool() {...},10,0,0,0,2,0,2,0,2,0
libGDX Core,com.badlogic.gdx.graphics.g3d.utils,CameraInputController,608,0,92,0,100,0,58,0,12,0
libGDX Core,com.badlogic.gdx.graphics.g3d.utils,BaseAnimationController.Transform,131,0,0,0,23,0,9,0,9,0
libGDX Core,com.badlogic.gdx.graphics.g3d.utils,MeshBuilder.new Pool() {...},7,0,0,0,2,0,2,0,2,0
libGDX Core,com.badlogic.gdx.graphics.g3d.utils,MeshBuilder.new Pool() {...},7,0,0,0,2,0,2,0,2,0
libGDX Core,com.badlogic.gdx.graphics.g3d.utils,AnimationController.AnimationDesc,137,0,26,0,23,0,15,0,2,0
libGDX Core,com.badlogic.gdx.graphics.g3d.utils,BaseAnimationController,623,0,64,0,111,0,48,0,16,0
libGDX Core,com.badlogic.gdx.graphics.g3d.utils,CameraInputController.CameraGestureListener,51,0,2,0,13,0,9,0,8,0
libGDX Core,com.badlogic.gdx.graphics.g3d.utils,TextureDescriptor,346,0,66,0,46,0,41,0,8,0
libGDX Core,com.badlogic.gdx.graphics.g3d.utils,TextureProvider.AssetTextureProvider,13,0,0,0,4,0,2,0,2,0
libGDX Core,com.badlogic.gdx.graphics.g3d.utils,AnimationController,620,0,68,0,100,0,62,0,28,0
libGDX Core,com.badlogic.gdx.graphics.g3d.utils,ModelBuilder,848,0,38,0,141,0,58,0,39,0
libGDX Core,com.badlogic.gdx.graphics.g3d.utils,AnimationController.new Pool() {...},10,0,0,0,2,0,2,0,2,0
libGDX Core,com.badlogic.gdx.graphics.g3d.utils,DefaultTextureBinder,364,0,37,0,80,0,34,0,15,0
libGDX Core,com.badlogic.gdx.graphics.g3d.utils,TextureProvider.FileTextureProvider,59,0,0,0,16,0,3,0,3,0
libGDX Core,com.badlogic.gdx.graphics.g3d.utils,FirstPersonCameraController,287,0,12,0,49,0,14,0,8,0
libGDX Core,com.badlogic.gdx.graphics.g3d.utils,DefaultShaderProvider,38,0,2,0,10,0,6,0,5,0
libGDX Core,com.badlogic.gdx.graphics.g3d.utils,MeshBuilder,4923,0,260,0,721,0,244,0,114,0
libGDX Core,com.badlogic.gdx.graphics.g3d.utils,MeshPartBuilder.VertexInfo,344,0,50,0,51,0,38,0,13,0
libGDX Core,com.badlogic.gdx.graphics.g3d.utils,DefaultRenderableSorter,115,0,18,0,14,0,12,0,3,0
libGDX Core,com.badlogic.gdx.graphics.g3d.utils,RenderContext,218,0,48,0,53,0,32,0,8,0
libGDX Core,com.badlogic.gdx.graphics.g3d.utils,BaseAnimationController.new Pool() {...},10,0,0,0,2,0,2,0,2,0
libGDX Core,com.badlogic.gdx.graphics.g3d.utils,BaseShaderProvider,67,0,10,0,16,0,8,0,3,0
libGDX Core,com.badlogic.gdx.graphics.g3d.utils,DepthShaderProvider,38,0,2,0,10,0,6,0,5,0
libGDX Core,com.badlogic.gdx.scenes.scene2d.ui,WidgetGroup,218,0,30,0,66,0,35,0,20,0
libGDX Core,com.badlogic.gdx.scenes.scene2d.ui,Table.Debug,68,0,0,0,2,0,4,0,4,0
libGDX Core,com.badlogic.gdx.scenes.scene2d.ui,ScrollPane,2642,0,356,0,445,0,265,0,87,0
libGDX Core,com.badlogic.gdx.scenes.scene2d.ui,List,662,0,54,0,125,0,49,0,22,0
libGDX Core,com.badlogic.gdx.scenes.scene2d.ui,SelectBox.SelectBoxStyle,103,0,2,0,21,0,4,0,3,0
libGDX Core,com.badlogic.gdx.scenes.scene2d.ui,Skin.new Json.ReadOnlySerializer() {...},53,0,2,0,8,0,3,0,2,0
libGDX Core,com.badlogic.gdx.scenes.scene2d.ui,Skin.new Json.ReadOnlySerializer() {...},159,0,10,0,21,0,7,0,2,0
libGDX Core,com.badlogic.gdx.scenes.scene2d.ui,Skin.new Json.ReadOnlySerializer() {...},79,0,4,0,9,0,4,0,2,0
libGDX Core,com.badlogic.gdx.scenes.scene2d.ui,Skin.new Json() {...},26,0,4,0,4,0,4,0,2,0
libGDX Core,com.badlogic.gdx.scenes.scene2d.ui,Skin.new Json.ReadOnlySerializer() {...},102,0,12,0,18,0,9,0,3,0
libGDX Core,com.badlogic.gdx.scenes.scene2d.ui,ImageButton.ImageButtonStyle,50,0,0,0,17,0,4,0,4,0
libGDX Core,com.badlogic.gdx.scenes.scene2d.ui,Container,1585,0,150,0,336,0,176,0,101,0
libGDX Core,com.badlogic.gdx.scenes.scene2d.ui,Dialog.new FocusListener() {...},65,0,20,0,11,0,14,0,4,0
libGDX Core,com.badlogic.gdx.scenes.scene2d.ui,Dialog.new ChangeListener() {...},43,0,6,0,8,0,5,0,2,0
libGDX Core,com.badlogic.gdx.scenes.scene2d.ui,Dialog.new InputListener() {...},34,0,4,0,6,0,4,0,2,0
libGDX Core,com.badlogic.gdx.scenes.scene2d.ui,Dialog.new InputListener() {...},10,0,0,0,3,0,2,0,2,0
libGDX Core,com.badlogic.gdx.scenes.scene2d.ui,Tooltip.new Container() {...},23,0,4,0,4,0,4,0,2,0
libGDX Core,com.badlogic.gdx.scenes.scene2d.ui,TextField.TextFieldStyle,92,0,8,0,22,0,7,0,3,0
libGDX Core,com.badlogic.gdx.scenes.scene2d.ui,Window.new InputListener() {...},494,0,88,0,67,0,53,0,9,0
libGDX Core,com.badlogic.gdx.scenes.scene2d.ui,Window.new InputListener() {...},11,0,0,0,3,0,2,0,2,0
libGDX Core,com.badlogic.gdx.scenes.scene2d.ui,Window.new Table() {...},15,0,2,0,3,0,3,0,2,0
libGDX Core,com.badlogic.gdx.scenes.scene2d.ui,TextField.KeyRepeatTask,15,0,0,0,3,0,2,0,2,0
libGDX Core,com.badlogic.gdx.scenes.scene2d.ui,TextField,1939,0,258,0,353,0,194,0,65,0
libGDX Core,com.badlogic.gdx.scenes.scene2d.ui,Value.new Value() {...},17,0,4,0,3,0,4,0,2,0
libGDX Core,com.badlogic.gdx.scenes.scene2d.ui,Value.new Value() {...},17,0,4,0,3,0,4,0,2,0
libGDX Core,com.badlogic.gdx.scenes.scene2d.ui,Value.new Value() {...},12,0,0,0,2,0,2,0,2,0
libGDX Core,com.badlogic.gdx.scenes.scene2d.ui,Value.new Value() {...},12,0,0,0,2,0,2,0,2,0
libGDX Core,com.badlogic.gdx.scenes.scene2d.ui,Value.new Value() {...},17,0,4,0,3,0,4,0,2,0
libGDX Core,com.badlogic.gdx.scenes.scene2d.ui,Value.new Value() {...},17,0,4,0,3,0,4,0,2,0
libGDX Core,com.badlogic.gdx.scenes.scene2d.ui,Value.new Value() {...},17,0,4,0,3,0,4,0,2,0
libGDX Core,com.badlogic.gdx.scenes.scene2d.ui,Value.new Value() {...},17,0,4,0,3,0,4,0,2,0
libGDX Core,com.badlogic.gdx.scenes.scene2d.ui,Value.new Value() {...},16,0,0,0,2,0,2,0,2,0
libGDX Core,com.badlogic.gdx.scenes.scene2d.ui,Touchpad.TouchpadStyle,23,0,0,0,10,0,3,0,3,0
libGDX Core,com.badlogic.gdx.scenes.scene2d.ui,Value.Fixed,9,0,0,0,4,0,2,0,2,0
libGDX Core,com.badlogic.gdx.scenes.scene2d.ui,SelectBox.SelectBoxList,383,0,38,0,74,0,24,0,5,0
libGDX Core,com.badlogic.gdx.scenes.scene2d.ui,List.ListStyle,99,0,0,0,16,0,3,0,3,0
libGDX Core,com.badlogic.gdx.scenes.scene2d.ui,Stack,287,0,32,0,64,0,28,0,12,0
libGDX Core,com.badlogic.gdx.scenes.scene2d.ui,Table.new Pool() {...},7,0,0,0,2,0,2,0,2,0
libGDX Core,com.badlogic.gdx.scenes.scene2d.ui,Table.new Value() {...},14,0,2,0,3,0,3,0,2,0
libGDX Core,com.badlogic.gdx.scenes.scene2d.ui,Table.new Value() {...},14,0,2,0,3,0,3,0,2,0
libGDX Core,com.badlogic.gdx.scenes.scene2d.ui,List.new InputListener() {...},25,0,6,0,5,0,5,0,2,0
libGDX Core,com.badlogic.gdx.scenes.scene2d.ui,Skin,1065,0,134,0,191,0,100,0,33,0
libGDX Core,com.badlogic.gdx.scenes.scene2d.ui,TextField.TextFieldClickListener,699,0,142,0,133,0,83,0,12,0
libGDX Core,com.badlogic.gdx.scenes.scene2d.ui,TooltipManager,250,0,26,0,59,0,22,0,9,0
libGDX Core,com.badlogic.gdx.scenes.scene2d.ui,ScrollPane.ScrollPaneStyle,44,0,0,0,16,0,3,0,3,0
libGDX Core,com.badlogic.gdx.scenes.scene2d.ui,Tree,983,0,86,0,189,0,85,0,42,0
libGDX Core,com.badlogic.gdx.scenes.scene2d.ui,Table.new Value() {...},14,0,2,0,3,0,3,0,2,0
libGDX Core,com.badlogic.gdx.scenes.scene2d.ui,Table.new Value() {...},14,0,2,0,3,0,3,0,2,0
libGDX Core,com.badlogic.gdx.scenes.scene2d.ui,Label.LabelStyle,33,0,2,0,11,0,4,0,3,0
libGDX Core,com.badlogic.gdx.scenes.scene2d.ui,Touchpad,473,0,32,0,86,0,35,0,19,0
libGDX Core,com.badlogic.gdx.scenes.scene2d.ui,TextField.DefaultOnscreenKeyboard,7,0,0,0,3,0,2,0,2,0
libGDX Core,com.badlogic.gdx.scenes.scene2d.ui,Button.ButtonStyle,66,0,0,0,21,0,3,0,3,0
libGDX Core,com.badlogic.gdx.scenes.scene2d.ui,Window.WindowStyle,62,0,0,0,13,0,3,0,3,0
libGDX Core,com.badlogic.gdx.scenes.scene2d.ui,SplitPane.new InputListener() {...},234,0,22,0,38,0,15,0,4,0
libGDX Core,com.badlogic.gdx.scenes.scene2d.ui,Cell,1865,0,176,0,450,0,238,0,150,0
libGDX Core,com.badlogic.gdx.scenes.scene2d.ui,Tree.TreeStyle,30,0,0,0,12,0,3,0,3,0
libGDX Core,com.badlogic.gdx.scenes.scene2d.ui,Table,3740,0,402,0,695,0,292,0,91,0
libGDX Core,com.badlogic.gdx.scenes.scene2d.ui,VerticalGroup,459,0,36,0,113,0,48,0,30,0
libGDX Core,com.badlogic.gdx.scenes.scene2d.ui,Tooltip,266,0,26,0,52,0,28,0,15,0
libGDX Core,com.badlogic.gdx.scenes.scene2d.ui,TextButton.TextButtonStyle,80,0,12,0,14,0,9,0,3,0
libGDX Core,com.badlogic.gdx.scenes.scene2d.ui,SplitPane,627,0,60,0,124,0,55,0,25,0
libGDX Core,com.badlogic.gdx.scenes.scene2d.ui,Skin.TintedDrawable,3,0,0,0,1,0,1,0,1,0
libGDX Core,com.badlogic.gdx.scenes.scene2d.ui,Window,599,0,54,0,105,0,50,0,23,0
libGDX Core,com.badlogic.gdx.scenes.scene2d.ui,Slider.new InputListener() {...},82,0,12,0,19,0,12,0,6,0
libGDX Core,com.badlogic.gdx.scenes.scene2d.ui,Button.new ClickListener() {...},23,0,4,0,4,0,4,0,2,0
libGDX Core,com.badlogic.gdx.scenes.scene2d.ui,Button,559,0,90,0,121,0,74,0,29,0
libGDX Core,com.badlogic.gdx.scenes.scene2d.ui,TextTooltip,109,0,4,0,23,0,9,0,7,0
libGDX Core,com.badlogic.gdx.scenes.scene2d.ui,Image,368,0,34,0,78,0,40,0,23,0
libGDX Core,com.badlogic.gdx.scenes.scene2d.ui,SelectBox.SelectBoxList.new InputListener() {...},40,0,4,0,8,0,5,0,3,0
libGDX Core,com.badlogic.gdx.scenes.scene2d.ui,SelectBox.SelectBoxList.new InputListener() {...},25,0,4,0,3,0,4,0,2,0
libGDX Core,com.badlogic.gdx.scenes.scene2d.ui,SelectBox.SelectBoxList.new ClickListener() {...},46,0,0,0,6,0,3,0,3,0
libGDX Core,com.badlogic.gdx.scenes.scene2d.ui,SelectBox.SelectBoxList.new List() {...},15,0,0,0,2,0,2,0,2,0
libGDX Core,com.badlogic.gdx.scenes.scene2d.ui,Touchpad.new InputListener() {...},44,0,2,0,10,0,5,0,4,0
libGDX Core,com.badlogic.gdx.scenes.scene2d.ui,TextTooltip.TextTooltipStyle,26,0,0,0,10,0,3,0,3,0
libGDX Core,com.badlogic.gdx.scenes.scene2d.ui,ProgressBar.ProgressBarStyle,47,0,0,0,16,0,3,0,3,0
libGDX Core,com.badlogic.gdx.scenes.scene2d.ui,Dialog,437,0,36,0,87,0,41,0,23,0
libGDX Core,com.badlogic.gdx.scenes.scene2d.ui,ImageTextButton,302,0,50,0,63,0,38,0,13,0
libGDX Core,com.badlogic.gdx.scenes.scene2d.ui,SplitPane.SplitPaneStyle,16,0,0,0,8,0,3,0,3,0
libGDX Core,com.badlogic.gdx.scenes.scene2d.ui,TextArea,1082,0,144,0,157,0,98,0,26,0
libGDX Core,com.badlogic.gdx.scenes.scene2d.ui,Label,822,0,94,0,169,0,81,0,34,0
libGDX Core,com.badlogic.gdx.scenes.scene2d.ui,HorizontalGroup,459,0,36,0,113,0,48,0,30,0
libGDX Core,com.badlogic.gdx.scenes.scene2d.ui,Slider,285,0,32,0,44,0,25,0,9,0
libGDX Core,com.badlogic.gdx.scenes.scene2d.ui,ScrollPane.new InputListener() {...},49,0,4,0,8,0,4,0,2,0
libGDX Core,com.badlogic.gdx.scenes.scene2d.ui,ScrollPane.new InputListener() {...},361,0,40,0,54,0,25,0,5,0
libGDX Core,com.badlogic.gdx.scenes.scene2d.ui,ScrollPane.new ActorGestureListener() {...},97,0,14,0,20,0,11,0,4,0
libGDX Core,com.badlogic.gdx.scenes.scene2d.ui,CheckBox.CheckBoxStyle,52,0,0,0,17,0,3,0,3,0
libGDX Core,com.badlogic.gdx.scenes.scene2d.ui,ImageButton,191,0,26,0,41,0,25,0,12,0
libGDX Core,com.badlogic.gdx.scenes.scene2d.ui,Tree.new ClickListener() {...},158,0,32,0,27,0,20,0,4,0
libGDX Core,com.badlogic.gdx.scenes.scene2d.ui,TextButton,202,0,28,0,43,0,24,0,10,0
libGDX Core,com.badlogic.gdx.scenes.scene2d.ui,CheckBox,140,0,20,0,33,0,18,0,8,0
libGDX Core,com.badlogic.gdx.scenes.scene2d.ui,TextTooltip.new Value() {...},21,0,0,0,2,0,2,0,2,0
libGDX Core,com.badlogic.gdx.scenes.scene2d.ui,Slider.SliderStyle,20,0,0,0,8,0,3,0,3,0
libGDX Core,com.badlogic.gdx.scenes.scene2d.ui,Tree.Node,420,0,64,0,106,0,61,0,29,0
libGDX Core,com.badlogic.gdx.scenes.scene2d.ui,ImageTextButton.ImageTextButtonStyle,60,0,12,0,14,0,10,0,4,0
libGDX Core,com.badlogic.gdx.scenes.scene2d.ui,TextField.TextFieldFilter.DigitsOnlyFilter,6,0,0,0,2,0,2,0,2,0
libGDX Core,com.badlogic.gdx.scenes.scene2d.ui,TextArea.TextAreaListener,284,0,36,0,56,0,24,0,6,0
libGDX Core,com.badlogic.gdx.scenes.scene2d.ui,SelectBox.new ClickListener() {...},32,0,8,0,7,0,6,0,2,0
libGDX Core,com.badlogic.gdx.scenes.scene2d.ui,Widget,122,0,18,0,44,0,26,0,17,0
libGDX Core,com.badlogic.gdx.scenes.scene2d.ui,ButtonGroup,343,0,44,0,78,0,39,0,17,0
libGDX Core,com.badlogic.gdx.scenes.scene2d.ui,Value,69,0,4,0,15,0,8,0,6,0
libGDX Core,com.badlogic.gdx.scenes.scene2d.ui,ProgressBar,954,0,118,0,156,0,88,0,29,0
libGDX Core,com.badlogic.gdx.scenes.scene2d.ui,Value.new Value() {...},16,0,0,0,2,0,2,0,2,0
libGDX Core,com.badlogic.gdx.scenes.scene2d.ui,Table.DebugRect,7,0,0,0,2,0,2,0,2,0
libGDX Core,com.badlogic.gdx.scenes.scene2d.ui,SelectBox,679,0,62,0,135,0,62,0,31,0
libGDX Core,com.badlogic.gdx.scenes.scene2d.ui,TooltipManager.new Timer.Task() {...},13,0,0,0,3,0,2,0,2,0
libGDX Core,com.badlogic.gdx.scenes.scene2d.ui,TooltipManager.new Timer.Task() {...},65,0,6,0,13,0,5,0,2,0
libGDX Core,com.badlogic.gdx.files,FileHandleStream,58,0,0,0,16,0,15,0,15,0
libGDX Core,com.badlogic.gdx.files,FileHandle,1812,0,163,0,300,0,141,0,59,0
libGDX Core,com.badlogic.gdx.files,FileHandle.new Object() {...},19,0,0,0,1,0,1,0,1,0
libGDX Core,com.badlogic.gdx.maps,MapProperties,63,0,2,0,18,0,12,0,11,0
libGDX Core,com.badlogic.gdx.maps,MapObject,52,0,0,0,19,0,10,0,10,0
libGDX Core,com.badlogic.gdx.maps,MapLayer,49,0,0,0,17,0,9,0,9,0
libGDX Core,com.badlogic.gdx.maps,Map,20,0,0,0,7,0,4,0,4,0
libGDX Core,com.badlogic.gdx.maps,MapLayers,113,0,8,0,25,0,16,0,12,0
libGDX Core,com.badlogic.gdx.maps,ImageResolver.AssetManagerImageResolver,16,0,0,0,4,0,2,0,2,0
libGDX Core,com.badlogic.gdx.maps,MapObjects,113,0,8,0,26,0,16,0,12,0
libGDX Core,com.badlogic.gdx.maps,ImageResolver.TextureAtlasImageResolver,11,0,0,0,4,0,2,0,2,0
libGDX Core,com.badlogic.gdx.maps,ImageResolver.DirectImageResolver,15,0,0,0,4,0,2,0,2,0
libGDX Core,com.badlogic.gdx.graphics.g3d.shaders,BaseShader,808,0,94,0,142,0,80,0,33,0
libGDX Core,com.badlogic.gdx.graphics.g3d.shaders,DepthShader.Config,23,0,0,0,7,0,2,0,2,0
libGDX Core,com.badlogic.gdx.graphics.g3d.shaders,BaseShader.Uniform,87,0,14,0,15,0,12,0,5,0
libGDX Core,com.badlogic.gdx.graphics.g3d.shaders,DefaultShader.Setters,116,0,0,0,30,0,2,0,2,0
libGDX Core,com.badlogic.gdx.graphics.g3d.shaders,BaseShader.LocalSetter,5,0,0,0,2,0,2,0,2,0
libGDX Core,com.badlogic.gdx.graphics.g3d.shaders,DefaultShader.Setters.ACubemap,217,0,12,0,23,0,9,0,3,0
libGDX Core,com.badlogic.gdx.graphics.g3d.shaders,DefaultShader.Inputs,197,0,0,0,36,0,2,0,2,0
libGDX Core,com.badlogic.gdx.graphics.g3d.shaders,DefaultShader,2372,0,248,0,306,0,151,0,27,0
libGDX Core,com.badlogic.gdx.graphics.g3d.shaders,DefaultShader.Config,66,0,0,0,15,0,2,0,2,0
libGDX Core,com.badlogic.gdx.graphics.g3d.shaders,DefaultShader.Setters.new BaseShader.LocalSetter() {...},22,0,0,0,4,0,2,0,2,0
libGDX Core,com.badlogic.gdx.graphics.g3d.shaders,DefaultShader.Setters.new BaseShader.LocalSetter() {...},20,0,0,0,4,0,2,0,2,0
libGDX Core,com.badlogic.gdx.graphics.g3d.shaders,DefaultShader.Setters.new BaseShader.LocalSetter() {...},22,0,0,0,4,0,2,0,2,0
libGDX Core,com.badlogic.gdx.graphics.g3d.shaders,DefaultShader.Setters.new BaseShader.LocalSetter() {...},20,0,0,0,4,0,2,0,2,0
libGDX Core,com.badlogic.gdx.graphics.g3d.shaders,DefaultShader.Setters.new BaseShader.LocalSetter() {...},21,0,2,0,4,0,3,0,2,0
libGDX Core,com.badlogic.gdx.graphics.g3d.shaders,DefaultShader.Setters.new BaseShader.LocalSetter() {...},22,0,0,0,4,0,2,0,2,0
libGDX Core,com.badlogic.gdx.graphics.g3d.shaders,DefaultShader.Setters.new BaseShader.LocalSetter() {...},14,0,0,0,3,0,2,0,2,0
libGDX Core,com.badlogic.gdx.graphics.g3d.shaders,DefaultShader.Setters.new BaseShader.LocalSetter() {...},20,0,0,0,4,0,2,0,2,0
libGDX Core,com.badlogic.gdx.graphics.g3d.shaders,DefaultShader.Setters.new BaseShader.LocalSetter() {...},22,0,0,0,4,0,2,0,2,0
libGDX Core,com.badlogic.gdx.graphics.g3d.shaders,DefaultShader.Setters.new BaseShader.LocalSetter() {...},20,0,0,0,4,0,2,0,2,0
libGDX Core,com.badlogic.gdx.graphics.g3d.shaders,DefaultShader.Setters.new BaseShader.LocalSetter() {...},14,0,0,0,3,0,2,0,2,0
libGDX Core,com.badlogic.gdx.graphics.g3d.shaders,DefaultShader.Setters.new BaseShader.LocalSetter() {...},22,0,0,0,4,0,2,0,2,0
libGDX Core,com.badlogic.gdx.graphics.g3d.shaders,DefaultShader.Setters.new BaseShader.LocalSetter() {...},20,0,0,0,4,0,2,0,2,0
libGDX Core,com.badlogic.gdx.graphics.g3d.shaders,DefaultShader.Setters.new BaseShader.LocalSetter() {...},14,0,0,0,3,0,2,0,2,0
libGDX Core,com.badlogic.gdx.graphics.g3d.shaders,DefaultShader.Setters.new BaseShader.LocalSetter() {...},22,0,0,0,4,0,2,0,2,0
libGDX Core,com.badlogic.gdx.graphics.g3d.shaders,DefaultShader.Setters.new BaseShader.LocalSetter() {...},20,0,0,0,4,0,2,0,2,0
libGDX Core,com.badlogic.gdx.graphics.g3d.shaders,DefaultShader.Setters.new BaseShader.LocalSetter() {...},14,0,0,0,3,0,2,0,2,0
libGDX Core,com.badlogic.gdx.graphics.g3d.shaders,DefaultShader.Setters.new BaseShader.LocalSetter() {...},14,0,0,0,3,0,2,0,2,0
libGDX Core,com.badlogic.gdx.graphics.g3d.shaders,DefaultShader.Setters.new BaseShader.LocalSetter() {...},20,0,0,0,4,0,2,0,2,0
libGDX Core,com.badlogic.gdx.graphics.g3d.shaders,DepthShader,342,0,50,0,68,0,39,0,14,0
libGDX Core,com.badlogic.gdx.graphics.g3d.shaders,DefaultShader.Setters.new BaseShader.LocalSetter() {...},22,0,0,0,4,0,2,0,2,0
libGDX Core,com.badlogic.gdx.graphics.g3d.shaders,DefaultShader.Setters.new BaseShader.LocalSetter() {...},22,0,0,0,4,0,2,0,2,0
libGDX Core,com.badlogic.gdx.graphics.g3d.shaders,DefaultShader.Setters.new BaseShader.GlobalSetter() {...},11,0,0,0,3,0,2,0,2,0
libGDX Core,com.badlogic.gdx.graphics.g3d.shaders,DefaultShader.Setters.new BaseShader.LocalSetter() {...},10,0,0,0,3,0,2,0,2,0
libGDX Core,com.badlogic.gdx.graphics.g3d.shaders,DefaultShader.Setters.new BaseShader.GlobalSetter() {...},29,0,0,0,3,0,2,0,2,0
libGDX Core,com.badlogic.gdx.graphics.g3d.shaders,DefaultShader.Setters.new BaseShader.GlobalSetter() {...},11,0,0,0,3,0,2,0,2,0
libGDX Core,com.badlogic.gdx.graphics.g3d.shaders,DefaultShader.Setters.new BaseShader.GlobalSetter() {...},11,0,0,0,3,0,2,0,2,0
libGDX Core,com.badlogic.gdx.graphics.g3d.shaders,DefaultShader.Setters.new BaseShader.GlobalSetter() {...},11,0,0,0,3,0,2,0,2,0
libGDX Core,com.badlogic.gdx.graphics.g3d.shaders,DefaultShader.Setters.new BaseShader.GlobalSetter() {...},11,0,0,0,3,0,2,0,2,0
libGDX Core,com.badlogic.gdx.graphics.g3d.shaders,BaseShader.GlobalSetter,5,0,0,0,2,0,2,0,2,0
libGDX Core,com.badlogic.gdx.graphics.g3d.shaders,DefaultShader.Setters.Bones,73,0,8,0,9,0,7,0,3,0
libGDX Core,com.badlogic.gdx.math,Intersector,3884,495,465,31,513,77,279,16,43,4
libGDX Core,com.badlogic.gdx.math,Interpolation.Pow,46,0,4,0,5,0,4,0,2,0
libGDX Core,com.badlogic.gdx.math,Rectangle,630,261,43,21,108,36,62,10,31,9
libGDX Core,com.badlogic.gdx.math,Bresenham2,161,0,18,0,41,0,13,0,4,0
libGDX Core,com.badlogic.gdx.math,Interpolation.ElasticIn,36,0,2,0,4,0,3,0,2,0
libGDX Core,com.badlogic.gdx.math,Frustum,871,0,66,0,74,0,45,0,12,0
libGDX Core,com.badlogic.gdx.math,CumulativeDistribution.CumulativeValue,15,0,0,0,5,0,1,0,1,0
libGDX Core,com.badlogic.gdx.math,GeometryUtils,847,0,40,0,125,0,36,0,16,0
libGDX Core,com.badlogic.gdx.math,Interpolation.BounceIn,17,0,0,0,5,0,3,0,3,0
libGDX Core,com.badlogic.gdx.math,MathUtils,478,38,50,2,72,4,65,4,40,3
libGDX Core,com.badlogic.gdx.math,Interpolation.ElasticOut,35,0,0,0,4,0,2,0,2,0
libGDX Core,com.badlogic.gdx.math,GridPoint3,353,0,12,0,64,0,23,0,17,0
libGDX Core,com.badlogic.gdx.math,GridPoint2,258,0,10,0,51,0,22,0,17,0
libGDX Core,com.badlogic.gdx.math,Bezier,561,0,32,0,71,0,34,0,18,0
libGDX Core,com.badlogic.gdx.math,CatmullRomSpline,682,0,64,0,91,0,50,0,18,0
libGDX Core,com.badlogic.gdx.math,Ellipse,387,0,20,0,82,0,29,0,19,0
libGDX Core,com.badlogic.gdx.math,CumulativeDistribution,268,0,18,0,48,0,23,0,14,0
libGDX Core,com.badlogic.gdx.math,Interpolation.Exp,79,0,2,0,8,0,3,0,2,0
libGDX Core,com.badlogic.gdx.math,EarClippingTriangulator,618,0,42,0,107,0,34,0,13,0
libGDX Core,com.badlogic.gdx.math,Interpolation.new Interpolation() {...},12,0,0,0,2,0,2,0,2,0
libGDX Core,com.badlogic.gdx.math,Interpolation.new Interpolation() {...},12,0,0,0,2,0,2,0,2,0
libGDX Core,com.badlogic.gdx.math,Interpolation.new Interpolation() {...},45,0,2,0,7,0,3,0,2,0
libGDX Core,com.badlogic.gdx.math,Interpolation.new Interpolation() {...},10,0,0,0,2,0,2,0,2,0
libGDX Core,com.badlogic.gdx.math,Interpolation.new Interpolation() {...},16,0,0,0,3,0,2,0,2,0
libGDX Core,com.badlogic.gdx.math,Interpolation.new Interpolation() {...},14,0,0,0,2,0,2,0,2,0
libGDX Core,com.badlogic.gdx.math,Interpolation.new Interpolation() {...},22,0,0,0,2,0,2,0,2,0
libGDX Core,com.badlogic.gdx.math,Interpolation.new Interpolation() {...},5,0,0,0,2,0,2,0,2,0
libGDX Core,com.badlogic.gdx.math,DelaunayTriangulator,1203,0,101,0,219,0,59,0,8,0
libGDX Core,com.badlogic.gdx.math,Affine2,1581,0,34,0,287,0,64,0,47,0
libGDX Core,com.badlogic.gdx.math,Interpolation.Bounce,68,0,4,0,9,0,6,0,4,0
libGDX Core,com.badlogic.gdx.math,BSpline,869,0,82,0,117,0,63,0,22,0
libGDX Core,com.badlogic.gdx.math,Interpolation.SwingIn,20,0,0,0,4,0,2,0,2,0
libGDX Core,com.badlogic.gdx.math,Matrix4,5658,71,36,0,509,18,99,2,81,2
libGDX Core,com.badlogic.gdx.math,Matrix3,2343,0,4,0,311,0,42,0,40,0
libGDX Core,com.badlogic.gdx.math,Interpolation.PowOut,26,0,2,0,3,0,3,0,2,0
libGDX Core,com.badlogic.gdx.math,Interpolation.ExpIn,24,0,0,0,3,0,2,0,2,0
libGDX Core,com.badlogic.gdx.math,Plane,198,48,7,3,35,13,16,5,12,4
libGDX Core,com.badlogic.gdx.math,Interpolation.BounceOut,251,0,15,0,52,0,12,0,3,0
libGDX Core,com.badlogic.gdx.math,RandomXS128,168,57,15,1,30,15,20,4,12,4
libGDX Core,com.badlogic.gdx.math,Circle,272,129,16,8,61,20,28,7,19,4
libGDX Core,com.badlogic.gdx.math,Intersector.MinimumTranslationVector,11,0,0,0,3,0,1,0,1,0
libGDX Core,com.badlogic.gdx.math,FloatCounter,112,0,14,0,25,0,10,0,3,0
libGDX Core,com.badlogic.gdx.math,Interpolation.SwingOut,26,0,0,0,5,0,2,0,2,0
libGDX Core,com.badlogic.gdx.math,ConvexHull,929,0,94,0,172,0,59,0,12,0
libGDX Core,com.badlogic.gdx.math,Quaternion,2397,54,78,0,288,14,102,5,63,5
libGDX Core,com.badlogic.gdx.math,Bresenham2.new Pool() {...},10,0,0,0,2,0,2,0,2,0
libGDX Core,com.badlogic.gdx.math,Intersector.SplitTriangle,34,91,0,2,1,24,1,6,1,5
libGDX Core,com.badlogic.gdx.math,Polygon,522,0,46,0,107,0,47,0,24,0
libGDX Core,com.badlogic.gdx.math,Plane.PlaneSide,9,39,0,0,0,2,2,2,2,2
libGDX Core,com.badlogic.gdx.math,MathUtils.Sin,51,0,4,0,7,0,4,0,2,0
libGDX Core,com.badlogic.gdx.math,Interpolation.ExpOut,25,0,0,0,3,0,2,0,2,0
libGDX Core,com.badlogic.gdx.math,WindowedMean,219,0,22,0,37,0,20,0,9,0
libGDX Core,com.badlogic.gdx.math,Interpolation.Elastic,93,0,4,0,12,0,4,0,2,0
libGDX Core,com.badlogic.gdx.math,Interpolation.Swing,58,0,2,0,9,0,3,0,2,0
libGDX Core,com.badlogic.gdx.math,Polyline,487,0,28,0,103,0,40,0,26,0
libGDX Core,com.badlogic.gdx.math,Interpolation,196,0,0,0,38,0,3,0,3,0
libGDX Core,com.badlogic.gdx.math,Interpolation.PowIn,12,0,0,0,3,0,2,0,2,0
libGDX Core,com.badlogic.gdx.math,Vector3,1880,312,83,13,160,41,114,18,67,17
libGDX Core,com.badlogic.gdx.math,Vector2,995,128,64,8,149,25,100,7,64,7
libGDX Core,com.badlogic.gdx.assets.loaders,TextureLoader,111,0,14,0,29,0,11,0,4,0
libGDX Core,com.badlogic.gdx.assets.loaders,PixmapLoader.PixmapParameter,3,0,0,0,1,0,1,0,1,0
libGDX Core,com.badlogic.gdx.assets.loaders,MusicLoader.MusicParameter,3,0,0,0,1,0,1,0,1,0
libGDX Core,com.badlogic.gdx.assets.loaders,TextureLoader.TextureParameter,27,0,0,0,9,0,1,0,1,0
libGDX Core,com.badlogic.gdx.assets.loaders,ParticleEffectLoader,64,0,12,0,14,0,9,0,3,0
libGDX Core,com.badlogic.gdx.assets.loaders,BitmapFontLoader,184,0,22,0,33,0,15,0,4,0
libGDX Core,com.badlogic.gdx.assets.loaders,MusicLoader,23,0,0,0,9,0,5,0,5,0
libGDX Core,com.badlogic.gdx.assets.loaders,BitmapFontLoader.BitmapFontParameter,21,0,0,0,7,0,1,0,1,0
libGDX Core,com.badlogic.gdx.assets.loaders,PixmapLoader,24,0,0,0,9,0,4,0,4,0
libGDX Core,com.badlogic.gdx.assets.loaders,TextureAtlasLoader,108,0,6,0,21,0,6,0,3,0
libGDX Core,com.badlogic.gdx.assets.loaders,CubemapLoader,117,0,18,0,29,0,13,0,4,0
libGDX Core,com.badlogic.gdx.assets.loaders,SkinLoader,106,0,16,0,23,0,12,0,4,0
libGDX Core,com.badlogic.gdx.assets.loaders,I18NBundleLoader.I18NBundleParameter,19,0,0,0,8,0,3,0,3,0
libGDX Core,com.badlogic.gdx.assets.loaders,AsynchronousAssetLoader,4,0,0,0,2,0,1,0,1,0
libGDX Core,com.badlogic.gdx.assets.loaders,SkinLoader.SkinParameter,24,0,0,0,10,0,4,0,4,0
libGDX Core,com.badlogic.gdx.assets.loaders,CubemapLoader.CubemapLoaderInfo,3,0,0,0,1,0,1,0,1,0
libGDX Core,com.badlogic.gdx.assets.loaders,ParticleEffectLoader.ParticleEffectParameter,3,0,0,0,1,0,1,0,1,0
libGDX Core,com.badlogic.gdx.assets.loaders,ModelLoader,225,0,22,0,44,0,20,0,9,0
libGDX Core,com.badlogic.gdx.assets.loaders,I18NBundleLoader,50,0,6,0,16,0,7,0,4,0
libGDX Core,com.badlogic.gdx.assets.loaders,ModelLoader.ModelParameters,24,0,0,0,5,0,1,0,1,0
libGDX Core,com.badlogic.gdx.assets.loaders,TextureAtlasLoader.TextureAtlasParameter,15,0,0,0,6,0,2,0,2,0
libGDX Core,com.badlogic.gdx.assets.loaders,SoundLoader,23,0,0,0,9,0,5,0,5,0
libGDX Core,com.badlogic.gdx.assets.loaders,AssetLoader,11,0,0,0,4,0,2,0,2,0
libGDX Core,com.badlogic.gdx.assets.loaders,CubemapLoader.CubemapParameter,24,0,0,0,8,0,1,0,1,0
libGDX Core,com.badlogic.gdx.assets.loaders,SynchronousAssetLoader,4,0,0,0,2,0,1,0,1,0
libGDX Core,com.badlogic.gdx.assets.loaders,TextureLoader.TextureLoaderInfo,3,0,0,0,1,0,1,0,1,0
libGDX Core,com.badlogic.gdx.assets.loaders,SoundLoader.SoundParameter,3,0,0,0,1,0,1,0,1,0
